--liquibase formatted sql

--changeset ran.li:1487402755000-1
INSERT INTO `wifianalytics_meta`.`TD_METRIC` (`id`, `cube_id`, `name`, `type`, `column_id`, `compute_by`, `data_app_id`, `tenant_id`, `creator`, `create_by`, `update_by`, `create_time`, `update_time`) VALUES('81','82','offline_active_user_sensor_hour_counter','1','410','counter',NULL,NULL,'tools','tools','tools','2017-02-18 16:35:13','2017-02-18 16:35:13');
INSERT INTO `wifianalytics_meta`.`TD_METRIC` (`id`, `cube_id`, `name`, `type`, `column_id`, `compute_by`, `data_app_id`, `tenant_id`, `creator`, `create_by`, `update_by`, `create_time`, `update_time`) VALUES('82','83','offline_new_user_sensor_day_counter','1','416','counter',NULL,NULL,'tools','tools','tools','2017-02-18 16:35:15','2017-02-18 16:35:15');
INSERT INTO `wifianalytics_meta`.`TD_METRIC` (`id`, `cube_id`, `name`, `type`, `column_id`, `compute_by`, `data_app_id`, `tenant_id`, `creator`, `create_by`, `update_by`, `create_time`, `update_time`) VALUES('83','84','offline_old_user_sensor_day_counter','1','422','counter',NULL,NULL,'tools','tools','tools','2017-02-18 16:35:16','2017-02-18 16:35:16');

INSERT INTO `wifianalytics_meta`.`TD_FACT_TABLE` (`id`, `name`, `version`, `domain_id`, `data_app_id`, `tenant_id`, `creator`, `create_by`, `update_by`, `create_time`, `update_time`) VALUES('81','offline_active_user_sensor_hour_counter','1','2',NULL,NULL,'tools','tools','tools','2017-02-18 16:35:11','2017-02-18 16:35:11');
INSERT INTO `wifianalytics_meta`.`TD_FACT_TABLE` (`id`, `name`, `version`, `domain_id`, `data_app_id`, `tenant_id`, `creator`, `create_by`, `update_by`, `create_time`, `update_time`) VALUES('82','offline_new_user_sensor_day_counter','1','2',NULL,NULL,'tools','tools','tools','2017-02-18 16:35:13','2017-02-18 16:35:13');
INSERT INTO `wifianalytics_meta`.`TD_FACT_TABLE` (`id`, `name`, `version`, `domain_id`, `data_app_id`, `tenant_id`, `creator`, `create_by`, `update_by`, `create_time`, `update_time`) VALUES('83','offline_old_user_sensor_day_counter','1','2',NULL,NULL,'tools','tools','tools','2017-02-18 16:35:15','2017-02-18 16:35:15');

INSERT INTO `wifianalytics_meta`.`TD_DIMENSION` (`id`, `cube_id`, `name`, `default_value`, `display_name`, `column_id`, `type`, `data_app_id`, `tenant_id`, `creator`, `create_by`, `update_by`, `create_time`, `update_time`) VALUES('350','82','tenant_id','tenant_id',NULL,'404','0',NULL,NULL,'tools','tools','tools','2017-02-18 16:35:11','2017-02-18 16:35:11');
INSERT INTO `wifianalytics_meta`.`TD_DIMENSION` (`id`, `cube_id`, `name`, `default_value`, `display_name`, `column_id`, `type`, `data_app_id`, `tenant_id`, `creator`, `create_by`, `update_by`, `create_time`, `update_time`) VALUES('351','82','project_id','project_id',NULL,'405','0',NULL,NULL,'tools','tools','tools','2017-02-18 16:35:11','2017-02-18 16:35:11');
INSERT INTO `wifianalytics_meta`.`TD_DIMENSION` (`id`, `cube_id`, `name`, `default_value`, `display_name`, `column_id`, `type`, `data_app_id`, `tenant_id`, `creator`, `create_by`, `update_by`, `create_time`, `update_time`) VALUES('352','82','place_id','place_id',NULL,'406','0',NULL,NULL,'tools','tools','tools','2017-02-18 16:35:12','2017-02-18 16:35:12');
INSERT INTO `wifianalytics_meta`.`TD_DIMENSION` (`id`, `cube_id`, `name`, `default_value`, `display_name`, `column_id`, `type`, `data_app_id`, `tenant_id`, `creator`, `create_by`, `update_by`, `create_time`, `update_time`) VALUES('353','82','sensor_id','sensor_id',NULL,'407','0',NULL,NULL,'tools','tools','tools','2017-02-18 16:35:12','2017-02-18 16:35:12');
INSERT INTO `wifianalytics_meta`.`TD_DIMENSION` (`id`, `cube_id`, `name`, `default_value`, `display_name`, `column_id`, `type`, `data_app_id`, `tenant_id`, `creator`, `create_by`, `update_by`, `create_time`, `update_time`) VALUES('354','82','date','date',NULL,'408','0',NULL,NULL,'tools','tools','tools','2017-02-18 16:35:12','2017-02-18 16:35:12');
INSERT INTO `wifianalytics_meta`.`TD_DIMENSION` (`id`, `cube_id`, `name`, `default_value`, `display_name`, `column_id`, `type`, `data_app_id`, `tenant_id`, `creator`, `create_by`, `update_by`, `create_time`, `update_time`) VALUES('355','82','hour','hour',NULL,'409','0',NULL,NULL,'tools','tools','tools','2017-02-18 16:35:12','2017-02-18 16:35:12');
INSERT INTO `wifianalytics_meta`.`TD_DIMENSION` (`id`, `cube_id`, `name`, `default_value`, `display_name`, `column_id`, `type`, `data_app_id`, `tenant_id`, `creator`, `create_by`, `update_by`, `create_time`, `update_time`) VALUES('356','83','tenant_id','tenant_id',NULL,'411','0',NULL,NULL,'tools','tools','tools','2017-02-18 16:35:13','2017-02-18 16:35:13');
INSERT INTO `wifianalytics_meta`.`TD_DIMENSION` (`id`, `cube_id`, `name`, `default_value`, `display_name`, `column_id`, `type`, `data_app_id`, `tenant_id`, `creator`, `create_by`, `update_by`, `create_time`, `update_time`) VALUES('357','83','project_id','project_id',NULL,'412','0',NULL,NULL,'tools','tools','tools','2017-02-18 16:35:14','2017-02-18 16:35:14');
INSERT INTO `wifianalytics_meta`.`TD_DIMENSION` (`id`, `cube_id`, `name`, `default_value`, `display_name`, `column_id`, `type`, `data_app_id`, `tenant_id`, `creator`, `create_by`, `update_by`, `create_time`, `update_time`) VALUES('358','83','place_id','place_id',NULL,'413','0',NULL,NULL,'tools','tools','tools','2017-02-18 16:35:14','2017-02-18 16:35:14');
INSERT INTO `wifianalytics_meta`.`TD_DIMENSION` (`id`, `cube_id`, `name`, `default_value`, `display_name`, `column_id`, `type`, `data_app_id`, `tenant_id`, `creator`, `create_by`, `update_by`, `create_time`, `update_time`) VALUES('359','83','sensor_id','sensor_id',NULL,'414','0',NULL,NULL,'tools','tools','tools','2017-02-18 16:35:14','2017-02-18 16:35:14');
INSERT INTO `wifianalytics_meta`.`TD_DIMENSION` (`id`, `cube_id`, `name`, `default_value`, `display_name`, `column_id`, `type`, `data_app_id`, `tenant_id`, `creator`, `create_by`, `update_by`, `create_time`, `update_time`) VALUES('360','83','date','date',NULL,'415','0',NULL,NULL,'tools','tools','tools','2017-02-18 16:35:14','2017-02-18 16:35:14');
INSERT INTO `wifianalytics_meta`.`TD_DIMENSION` (`id`, `cube_id`, `name`, `default_value`, `display_name`, `column_id`, `type`, `data_app_id`, `tenant_id`, `creator`, `create_by`, `update_by`, `create_time`, `update_time`) VALUES('361','84','tenant_id','tenant_id',NULL,'417','0',NULL,NULL,'tools','tools','tools','2017-02-18 16:35:15','2017-02-18 16:35:15');
INSERT INTO `wifianalytics_meta`.`TD_DIMENSION` (`id`, `cube_id`, `name`, `default_value`, `display_name`, `column_id`, `type`, `data_app_id`, `tenant_id`, `creator`, `create_by`, `update_by`, `create_time`, `update_time`) VALUES('362','84','project_id','project_id',NULL,'418','0',NULL,NULL,'tools','tools','tools','2017-02-18 16:35:15','2017-02-18 16:35:15');
INSERT INTO `wifianalytics_meta`.`TD_DIMENSION` (`id`, `cube_id`, `name`, `default_value`, `display_name`, `column_id`, `type`, `data_app_id`, `tenant_id`, `creator`, `create_by`, `update_by`, `create_time`, `update_time`) VALUES('363','84','place_id','place_id',NULL,'419','0',NULL,NULL,'tools','tools','tools','2017-02-18 16:35:16','2017-02-18 16:35:16');
INSERT INTO `wifianalytics_meta`.`TD_DIMENSION` (`id`, `cube_id`, `name`, `default_value`, `display_name`, `column_id`, `type`, `data_app_id`, `tenant_id`, `creator`, `create_by`, `update_by`, `create_time`, `update_time`) VALUES('364','84','sensor_id','sensor_id',NULL,'420','0',NULL,NULL,'tools','tools','tools','2017-02-18 16:35:16','2017-02-18 16:35:16');
INSERT INTO `wifianalytics_meta`.`TD_DIMENSION` (`id`, `cube_id`, `name`, `default_value`, `display_name`, `column_id`, `type`, `data_app_id`, `tenant_id`, `creator`, `create_by`, `update_by`, `create_time`, `update_time`) VALUES('365','84','date','date',NULL,'421','0',NULL,NULL,'tools','tools','tools','2017-02-18 16:35:16','2017-02-18 16:35:16');

INSERT INTO `wifianalytics_meta`.`TD_CUBE` (`id`, `name`, `owner`, `description`, `fact_table_id`, `domain_id`, `data_app_id`, `tenant_id`, `creator`, `create_by`, `update_by`, `create_time`, `update_time`) VALUES('82','offline_active_user_sensor_hour_counter',NULL,'offline_active_user_sensor_hour_counter','81','2',NULL,NULL,'tools','tools','tools','2017-02-18 16:35:11','2017-02-18 16:35:11');
INSERT INTO `wifianalytics_meta`.`TD_CUBE` (`id`, `name`, `owner`, `description`, `fact_table_id`, `domain_id`, `data_app_id`, `tenant_id`, `creator`, `create_by`, `update_by`, `create_time`, `update_time`) VALUES('83','offline_new_user_sensor_day_counter',NULL,'offline_new_user_sensor_day_counter','82','2',NULL,NULL,'tools','tools','tools','2017-02-18 16:35:13','2017-02-18 16:35:13');
INSERT INTO `wifianalytics_meta`.`TD_CUBE` (`id`, `name`, `owner`, `description`, `fact_table_id`, `domain_id`, `data_app_id`, `tenant_id`, `creator`, `create_by`, `update_by`, `create_time`, `update_time`) VALUES('84','offline_old_user_sensor_day_counter',NULL,'offline_old_user_sensor_day_counter','83','2',NULL,NULL,'tools','tools','tools','2017-02-18 16:35:15','2017-02-18 16:35:15');

INSERT INTO `wifianalytics_meta`.`TD_COLUMN` (`id`, `name`, `type`, `fact_id`, `not_null`, `length`, `another_name`, `data_app_id`, `tenant_id`, `creator`, `create_by`, `update_by`, `create_time`, `update_time`) VALUES('404','tenant_id','varchar','81',0,'64',NULL,NULL,NULL,'tools','tools','tools','2017-02-18 16:35:11','2017-02-18 16:35:11');
INSERT INTO `wifianalytics_meta`.`TD_COLUMN` (`id`, `name`, `type`, `fact_id`, `not_null`, `length`, `another_name`, `data_app_id`, `tenant_id`, `creator`, `create_by`, `update_by`, `create_time`, `update_time`) VALUES('405','project_id','int','81',0,'64',NULL,NULL,NULL,'tools','tools','tools','2017-02-18 16:35:11','2017-02-18 16:35:11');
INSERT INTO `wifianalytics_meta`.`TD_COLUMN` (`id`, `name`, `type`, `fact_id`, `not_null`, `length`, `another_name`, `data_app_id`, `tenant_id`, `creator`, `create_by`, `update_by`, `create_time`, `update_time`) VALUES('406','place_id','int','81',0,'64',NULL,NULL,NULL,'tools','tools','tools','2017-02-18 16:35:11','2017-02-18 16:35:11');
INSERT INTO `wifianalytics_meta`.`TD_COLUMN` (`id`, `name`, `type`, `fact_id`, `not_null`, `length`, `another_name`, `data_app_id`, `tenant_id`, `creator`, `create_by`, `update_by`, `create_time`, `update_time`) VALUES('407','sensor_id','int','81',0,'64',NULL,NULL,NULL,'tools','tools','tools','2017-02-18 16:35:12','2017-02-18 16:35:12');
INSERT INTO `wifianalytics_meta`.`TD_COLUMN` (`id`, `name`, `type`, `fact_id`, `not_null`, `length`, `another_name`, `data_app_id`, `tenant_id`, `creator`, `create_by`, `update_by`, `create_time`, `update_time`) VALUES('408','date','varchar','81',0,'64',NULL,NULL,NULL,'tools','tools','tools','2017-02-18 16:35:12','2017-02-18 16:35:12');
INSERT INTO `wifianalytics_meta`.`TD_COLUMN` (`id`, `name`, `type`, `fact_id`, `not_null`, `length`, `another_name`, `data_app_id`, `tenant_id`, `creator`, `create_by`, `update_by`, `create_time`, `update_time`) VALUES('409','hour','int','81',0,'3',NULL,NULL,NULL,'tools','tools','tools','2017-02-18 16:35:12','2017-02-18 16:35:12');
INSERT INTO `wifianalytics_meta`.`TD_COLUMN` (`id`, `name`, `type`, `fact_id`, `not_null`, `length`, `another_name`, `data_app_id`, `tenant_id`, `creator`, `create_by`, `update_by`, `create_time`, `update_time`) VALUES('410','offset','int','81',0,'10',NULL,NULL,NULL,'tools','tools','tools','2017-02-18 16:35:13','2017-02-18 16:35:13');
INSERT INTO `wifianalytics_meta`.`TD_COLUMN` (`id`, `name`, `type`, `fact_id`, `not_null`, `length`, `another_name`, `data_app_id`, `tenant_id`, `creator`, `create_by`, `update_by`, `create_time`, `update_time`) VALUES('411','tenant_id','varchar','82',0,'64',NULL,NULL,NULL,'tools','tools','tools','2017-02-18 16:35:13','2017-02-18 16:35:13');
INSERT INTO `wifianalytics_meta`.`TD_COLUMN` (`id`, `name`, `type`, `fact_id`, `not_null`, `length`, `another_name`, `data_app_id`, `tenant_id`, `creator`, `create_by`, `update_by`, `create_time`, `update_time`) VALUES('412','project_id','int','82',0,'64',NULL,NULL,NULL,'tools','tools','tools','2017-02-18 16:35:13','2017-02-18 16:35:13');
INSERT INTO `wifianalytics_meta`.`TD_COLUMN` (`id`, `name`, `type`, `fact_id`, `not_null`, `length`, `another_name`, `data_app_id`, `tenant_id`, `creator`, `create_by`, `update_by`, `create_time`, `update_time`) VALUES('413','place_id','int','82',0,'64',NULL,NULL,NULL,'tools','tools','tools','2017-02-18 16:35:14','2017-02-18 16:35:14');
INSERT INTO `wifianalytics_meta`.`TD_COLUMN` (`id`, `name`, `type`, `fact_id`, `not_null`, `length`, `another_name`, `data_app_id`, `tenant_id`, `creator`, `create_by`, `update_by`, `create_time`, `update_time`) VALUES('414','sensor_id','int','82',0,'64',NULL,NULL,NULL,'tools','tools','tools','2017-02-18 16:35:14','2017-02-18 16:35:14');
INSERT INTO `wifianalytics_meta`.`TD_COLUMN` (`id`, `name`, `type`, `fact_id`, `not_null`, `length`, `another_name`, `data_app_id`, `tenant_id`, `creator`, `create_by`, `update_by`, `create_time`, `update_time`) VALUES('415','date','varchar','82',0,'64',NULL,NULL,NULL,'tools','tools','tools','2017-02-18 16:35:14','2017-02-18 16:35:14');
INSERT INTO `wifianalytics_meta`.`TD_COLUMN` (`id`, `name`, `type`, `fact_id`, `not_null`, `length`, `another_name`, `data_app_id`, `tenant_id`, `creator`, `create_by`, `update_by`, `create_time`, `update_time`) VALUES('416','offset','int','82',0,'10',NULL,NULL,NULL,'tools','tools','tools','2017-02-18 16:35:14','2017-02-18 16:35:14');
INSERT INTO `wifianalytics_meta`.`TD_COLUMN` (`id`, `name`, `type`, `fact_id`, `not_null`, `length`, `another_name`, `data_app_id`, `tenant_id`, `creator`, `create_by`, `update_by`, `create_time`, `update_time`) VALUES('417','tenant_id','varchar','83',0,'64',NULL,NULL,NULL,'tools','tools','tools','2017-02-18 16:35:15','2017-02-18 16:35:15');
INSERT INTO `wifianalytics_meta`.`TD_COLUMN` (`id`, `name`, `type`, `fact_id`, `not_null`, `length`, `another_name`, `data_app_id`, `tenant_id`, `creator`, `create_by`, `update_by`, `create_time`, `update_time`) VALUES('418','project_id','int','83',0,'64',NULL,NULL,NULL,'tools','tools','tools','2017-02-18 16:35:15','2017-02-18 16:35:15');
INSERT INTO `wifianalytics_meta`.`TD_COLUMN` (`id`, `name`, `type`, `fact_id`, `not_null`, `length`, `another_name`, `data_app_id`, `tenant_id`, `creator`, `create_by`, `update_by`, `create_time`, `update_time`) VALUES('419','place_id','int','83',0,'64',NULL,NULL,NULL,'tools','tools','tools','2017-02-18 16:35:16','2017-02-18 16:35:16');
INSERT INTO `wifianalytics_meta`.`TD_COLUMN` (`id`, `name`, `type`, `fact_id`, `not_null`, `length`, `another_name`, `data_app_id`, `tenant_id`, `creator`, `create_by`, `update_by`, `create_time`, `update_time`) VALUES('420','sensor_id','int','83',0,'64',NULL,NULL,NULL,'tools','tools','tools','2017-02-18 16:35:16','2017-02-18 16:35:16');
INSERT INTO `wifianalytics_meta`.`TD_COLUMN` (`id`, `name`, `type`, `fact_id`, `not_null`, `length`, `another_name`, `data_app_id`, `tenant_id`, `creator`, `create_by`, `update_by`, `create_time`, `update_time`) VALUES('421','date','varchar','83',0,'64',NULL,NULL,NULL,'tools','tools','tools','2017-02-18 16:35:16','2017-02-18 16:35:16');
INSERT INTO `wifianalytics_meta`.`TD_COLUMN` (`id`, `name`, `type`, `fact_id`, `not_null`, `length`, `another_name`, `data_app_id`, `tenant_id`, `creator`, `create_by`, `update_by`, `create_time`, `update_time`) VALUES('422','offset','int','83',0,'10',NULL,NULL,NULL,'tools','tools','tools','2017-02-18 16:35:16','2017-02-18 16:35:16');
