--liquibase formatted sql

--changeset ran.li:1488957936000-1
INSERT INTO `wifianalytics_meta`.`TD_METRIC` (`id`, `cube_id`, `name`, `type`, `column_id`, `compute_by`, `data_app_id`, `tenant_id`, `creator`, `create_by`, `update_by`, `create_time`, `update_time`) VALUES('92','93','offline_sensor_effective_hour_counter','1','458','counter',NULL,NULL,'tools','tools','tools','2017-03-08 15:13:04','2017-03-08 15:13:04');
INSERT INTO `wifianalytics_meta`.`TD_METRIC` (`id`, `cube_id`, `name`, `type`, `column_id`, `compute_by`, `data_app_id`, `tenant_id`, `creator`, `create_by`, `update_by`, `create_time`, `update_time`) VALUES('91','92','offline_sensor_heart_hour_counter\n\n','1','454','counter',NULL,NULL,'tools','tools','tools','2017-03-08 15:13:03','2017-03-08 15:13:03');

INSERT INTO `wifianalytics_meta`.`TD_FACT_TABLE` (`id`, `name`, `version`, `domain_id`, `data_app_id`, `tenant_id`, `creator`, `create_by`, `update_by`, `create_time`, `update_time`) VALUES('91','offline_sensor_heart_hour_counter\n\n','1','2',NULL,NULL,'tools','tools','tools','2017-03-08 15:13:02','2017-03-08 15:13:02');
INSERT INTO `wifianalytics_meta`.`TD_FACT_TABLE` (`id`, `name`, `version`, `domain_id`, `data_app_id`, `tenant_id`, `creator`, `create_by`, `update_by`, `create_time`, `update_time`) VALUES('92','offline_sensor_effective_hour_counter','1','2',NULL,NULL,'tools','tools','tools','2017-03-08 15:13:03','2017-03-08 15:13:03');

INSERT INTO `wifianalytics_meta`.`TD_DIMENSION` (`id`, `cube_id`, `name`, `default_value`, `display_name`, `column_id`, `type`, `data_app_id`, `tenant_id`, `creator`, `create_by`, `update_by`, `create_time`, `update_time`) VALUES('387','92','sensor_mac','sensor_mac',NULL,'451','0',NULL,NULL,'tools','tools','tools','2017-03-08 15:13:02','2017-03-08 15:13:02');
INSERT INTO `wifianalytics_meta`.`TD_DIMENSION` (`id`, `cube_id`, `name`, `default_value`, `display_name`, `column_id`, `type`, `data_app_id`, `tenant_id`, `creator`, `create_by`, `update_by`, `create_time`, `update_time`) VALUES('388','92','hour','hour',NULL,'452','0',NULL,NULL,'tools','tools','tools','2017-03-08 15:13:02','2017-03-08 15:13:02');
INSERT INTO `wifianalytics_meta`.`TD_DIMENSION` (`id`, `cube_id`, `name`, `default_value`, `display_name`, `column_id`, `type`, `data_app_id`, `tenant_id`, `creator`, `create_by`, `update_by`, `create_time`, `update_time`) VALUES('389','92','date','date',NULL,'453','0',NULL,NULL,'tools','tools','tools','2017-03-08 15:13:02','2017-03-08 15:13:02');
INSERT INTO `wifianalytics_meta`.`TD_DIMENSION` (`id`, `cube_id`, `name`, `default_value`, `display_name`, `column_id`, `type`, `data_app_id`, `tenant_id`, `creator`, `create_by`, `update_by`, `create_time`, `update_time`) VALUES('390','93','sensor_mac','sensor_mac',NULL,'455','0',NULL,NULL,'tools','tools','tools','2017-03-08 15:13:03','2017-03-08 15:13:03');
INSERT INTO `wifianalytics_meta`.`TD_DIMENSION` (`id`, `cube_id`, `name`, `default_value`, `display_name`, `column_id`, `type`, `data_app_id`, `tenant_id`, `creator`, `create_by`, `update_by`, `create_time`, `update_time`) VALUES('391','93','hour','hour',NULL,'456','0',NULL,NULL,'tools','tools','tools','2017-03-08 15:13:04','2017-03-08 15:13:04');
INSERT INTO `wifianalytics_meta`.`TD_DIMENSION` (`id`, `cube_id`, `name`, `default_value`, `display_name`, `column_id`, `type`, `data_app_id`, `tenant_id`, `creator`, `create_by`, `update_by`, `create_time`, `update_time`) VALUES('392','93','date','date',NULL,'457','0',NULL,NULL,'tools','tools','tools','2017-03-08 15:13:04','2017-03-08 15:13:04');

INSERT INTO `wifianalytics_meta`.`TD_CUBE` (`id`, `name`, `owner`, `description`, `fact_table_id`, `domain_id`, `data_app_id`, `tenant_id`, `creator`, `create_by`, `update_by`, `create_time`, `update_time`) VALUES('92','offline_sensor_heart_hour_counter\n\n',NULL,'offline_sensor_heart_hour_counter\n\n','91','2',NULL,NULL,'tools','tools','tools','2017-03-08 15:13:02','2017-03-08 15:13:02');
INSERT INTO `wifianalytics_meta`.`TD_CUBE` (`id`, `name`, `owner`, `description`, `fact_table_id`, `domain_id`, `data_app_id`, `tenant_id`, `creator`, `create_by`, `update_by`, `create_time`, `update_time`) VALUES('93','offline_sensor_effective_hour_counter',NULL,'offline_sensor_effective_hour_counter','92','2',NULL,NULL,'tools','tools','tools','2017-03-08 15:13:03','2017-03-08 15:13:03');

INSERT INTO `wifianalytics_meta`.`TD_COLUMN` (`id`, `name`, `type`, `fact_id`, `not_null`, `length`, `another_name`, `data_app_id`, `tenant_id`, `creator`, `create_by`, `update_by`, `create_time`, `update_time`) VALUES('451','sensor_mac','varchar','91',0,'64',NULL,NULL,NULL,'tools','tools','tools','2017-03-08 15:13:02','2017-03-08 15:13:02');
INSERT INTO `wifianalytics_meta`.`TD_COLUMN` (`id`, `name`, `type`, `fact_id`, `not_null`, `length`, `another_name`, `data_app_id`, `tenant_id`, `creator`, `create_by`, `update_by`, `create_time`, `update_time`) VALUES('452','hour','int','91',0,'11',NULL,NULL,NULL,'tools','tools','tools','2017-03-08 15:13:02','2017-03-08 15:13:02');
INSERT INTO `wifianalytics_meta`.`TD_COLUMN` (`id`, `name`, `type`, `fact_id`, `not_null`, `length`, `another_name`, `data_app_id`, `tenant_id`, `creator`, `create_by`, `update_by`, `create_time`, `update_time`) VALUES('453','date','varchar','91',1,'10',NULL,NULL,NULL,'tools','tools','tools','2017-03-08 15:13:02','2017-03-08 15:13:02');
INSERT INTO `wifianalytics_meta`.`TD_COLUMN` (`id`, `name`, `type`, `fact_id`, `not_null`, `length`, `another_name`, `data_app_id`, `tenant_id`, `creator`, `create_by`, `update_by`, `create_time`, `update_time`) VALUES('454','offset','int','91',0,'10',NULL,NULL,NULL,'tools','tools','tools','2017-03-08 15:13:03','2017-03-08 15:13:03');
INSERT INTO `wifianalytics_meta`.`TD_COLUMN` (`id`, `name`, `type`, `fact_id`, `not_null`, `length`, `another_name`, `data_app_id`, `tenant_id`, `creator`, `create_by`, `update_by`, `create_time`, `update_time`) VALUES('455','sensor_mac','varchar','92',0,'64',NULL,NULL,NULL,'tools','tools','tools','2017-03-08 15:13:03','2017-03-08 15:13:03');
INSERT INTO `wifianalytics_meta`.`TD_COLUMN` (`id`, `name`, `type`, `fact_id`, `not_null`, `length`, `another_name`, `data_app_id`, `tenant_id`, `creator`, `create_by`, `update_by`, `create_time`, `update_time`) VALUES('456','hour','int','92',0,'11',NULL,NULL,NULL,'tools','tools','tools','2017-03-08 15:13:03','2017-03-08 15:13:03');
INSERT INTO `wifianalytics_meta`.`TD_COLUMN` (`id`, `name`, `type`, `fact_id`, `not_null`, `length`, `another_name`, `data_app_id`, `tenant_id`, `creator`, `create_by`, `update_by`, `create_time`, `update_time`) VALUES('457','date','varchar','92',1,'10',NULL,NULL,NULL,'tools','tools','tools','2017-03-08 15:13:04','2017-03-08 15:13:04');
INSERT INTO `wifianalytics_meta`.`TD_COLUMN` (`id`, `name`, `type`, `fact_id`, `not_null`, `length`, `another_name`, `data_app_id`, `tenant_id`, `creator`, `create_by`, `update_by`, `create_time`, `update_time`) VALUES('458','offset','int','92',0,'10',NULL,NULL,NULL,'tools','tools','tools','2017-03-08 15:13:04','2017-03-08 15:13:04');
