--liquibase formatted sql

--changeset junmin.li:1508814500575-1
INSERT INTO `TD_METRIC` (`id`, `cube_id`, `name`, `type`, `column_id`, `compute_by`, `data_app_id`, `tenant_id`, `creator`, `create_by`, `update_by`, `create_time`, `update_time`) VALUES ('109', '110', 'front_user_hour_cube', '1', '531', 'bitmap', NULL, NULL, 'tools', 'tools', 'tools', '2017-10-24 10:32:41', '2017-10-24 10:32:41');
INSERT INTO `TD_METRIC` (`id`, `cube_id`, `name`, `type`, `column_id`, `compute_by`, `data_app_id`, `tenant_id`, `creator`, `create_by`, `update_by`, `create_time`, `update_time`) VALUES ('110', '111', 'front_user_cube', '1', '535', 'bitmap', NULL, NULL, 'tools', 'tools', 'tools', '2017-10-24 10:32:42', '2017-10-24 10:32:42');
INSERT INTO `TD_FACT_TABLE` (`id`, `name`, `version`, `domain_id`, `data_app_id`, `tenant_id`, `creator`, `create_by`, `update_by`, `create_time`, `update_time`) VALUES ('109', 'front_user_hour_cube', '1', '1', NULL, NULL, 'tools', 'tools', 'tools', '2017-10-24 10:32:39', '2017-10-24 10:32:39');
INSERT INTO `TD_FACT_TABLE` (`id`, `name`, `version`, `domain_id`, `data_app_id`, `tenant_id`, `creator`, `create_by`, `update_by`, `create_time`, `update_time`) VALUES ('110', 'front_user_cube', '1', '1', NULL, NULL, 'tools', 'tools', 'tools', '2017-10-24 10:32:41', '2017-10-24 10:32:41');
INSERT INTO `TD_DIMENSION` (`id`, `cube_id`, `name`, `default_value`, `display_name`, `column_id`, `type`, `data_app_id`, `tenant_id`, `creator`, `create_by`, `update_by`, `create_time`, `update_time`) VALUES ('446', '110', 'tenant_id', 'tenant_id', NULL, '527', '0', NULL, NULL, 'tools', 'tools', 'tools', '2017-10-24 10:32:40', '2017-10-24 10:32:40');
INSERT INTO `TD_DIMENSION` (`id`, `cube_id`, `name`, `default_value`, `display_name`, `column_id`, `type`, `data_app_id`, `tenant_id`, `creator`, `create_by`, `update_by`, `create_time`, `update_time`) VALUES ('447', '110', 'project_id', 'project_id', NULL, '528', '0', NULL, NULL, 'tools', 'tools', 'tools', '2017-10-24 10:32:40', '2017-10-24 10:32:40');
INSERT INTO `TD_DIMENSION` (`id`, `cube_id`, `name`, `default_value`, `display_name`, `column_id`, `type`, `data_app_id`, `tenant_id`, `creator`, `create_by`, `update_by`, `create_time`, `update_time`) VALUES ('448', '110', 'date', 'date', NULL, '529', '0', NULL, NULL, 'tools', 'tools', 'tools', '2017-10-24 10:32:40', '2017-10-24 10:32:40');
INSERT INTO `TD_DIMENSION` (`id`, `cube_id`, `name`, `default_value`, `display_name`, `column_id`, `type`, `data_app_id`, `tenant_id`, `creator`, `create_by`, `update_by`, `create_time`, `update_time`) VALUES ('449', '110', 'hour', 'hour', NULL, '530', '0', NULL, NULL, 'tools', 'tools', 'tools', '2017-10-24 10:32:40', '2017-10-24 10:32:40');
INSERT INTO `TD_DIMENSION` (`id`, `cube_id`, `name`, `default_value`, `display_name`, `column_id`, `type`, `data_app_id`, `tenant_id`, `creator`, `create_by`, `update_by`, `create_time`, `update_time`) VALUES ('450', '111', 'tenant_id', 'tenant_id', NULL, '532', '0', NULL, NULL, 'tools', 'tools', 'tools', '2017-10-24 10:32:42', '2017-10-24 10:32:42');
INSERT INTO `TD_DIMENSION` (`id`, `cube_id`, `name`, `default_value`, `display_name`, `column_id`, `type`, `data_app_id`, `tenant_id`, `creator`, `create_by`, `update_by`, `create_time`, `update_time`) VALUES ('451', '111', 'project_id', 'project_id', NULL, '533', '0', NULL, NULL, 'tools', 'tools', 'tools', '2017-10-24 10:32:42', '2017-10-24 10:32:42');
INSERT INTO `TD_DIMENSION` (`id`, `cube_id`, `name`, `default_value`, `display_name`, `column_id`, `type`, `data_app_id`, `tenant_id`, `creator`, `create_by`, `update_by`, `create_time`, `update_time`) VALUES ('452', '111', 'date', 'date', NULL, '534', '0', NULL, NULL, 'tools', 'tools', 'tools', '2017-10-24 10:32:42', '2017-10-24 10:32:42');
INSERT INTO `TD_CUBE` (`id`, `name`, `owner`, `description`, `fact_table_id`, `domain_id`, `data_app_id`, `tenant_id`, `creator`, `create_by`, `update_by`, `create_time`, `update_time`) VALUES ('110', 'front_user_hour_cube', NULL, 'front_user_hour_cube', '109', '1', NULL, NULL, 'tools', 'tools', 'tools', '2017-10-24 10:32:39', '2017-10-24 10:32:39');
INSERT INTO `TD_CUBE` (`id`, `name`, `owner`, `description`, `fact_table_id`, `domain_id`, `data_app_id`, `tenant_id`, `creator`, `create_by`, `update_by`, `create_time`, `update_time`) VALUES ('111', 'front_user_cube', NULL, 'front_user_cube', '110', '1', NULL, NULL, 'tools', 'tools', 'tools', '2017-10-24 10:32:41', '2017-10-24 10:32:41');
INSERT INTO `TD_COLUMN` (`id`, `name`, `type`, `fact_id`, `not_null`, `length`, `another_name`, `data_app_id`, `tenant_id`, `creator`, `create_by`, `update_by`, `create_time`, `update_time`) VALUES ('527', 'tenant_id', 'varchar', '109', 0, '64', NULL, NULL, NULL, 'tools', 'tools', 'tools', '2017-10-24 10:32:39', '2017-10-24 10:32:39');
INSERT INTO `TD_COLUMN` (`id`, `name`, `type`, `fact_id`, `not_null`, `length`, `another_name`, `data_app_id`, `tenant_id`, `creator`, `create_by`, `update_by`, `create_time`, `update_time`) VALUES ('528', 'project_id', 'int', '109', 0, '10', NULL, NULL, NULL, 'tools', 'tools', 'tools', '2017-10-24 10:32:40', '2017-10-24 10:32:40');
INSERT INTO `TD_COLUMN` (`id`, `name`, `type`, `fact_id`, `not_null`, `length`, `another_name`, `data_app_id`, `tenant_id`, `creator`, `create_by`, `update_by`, `create_time`, `update_time`) VALUES ('529', 'date', 'varchar', '109', 0, '10', NULL, NULL, NULL, 'tools', 'tools', 'tools', '2017-10-24 10:32:40', '2017-10-24 10:32:40');
INSERT INTO `TD_COLUMN` (`id`, `name`, `type`, `fact_id`, `not_null`, `length`, `another_name`, `data_app_id`, `tenant_id`, `creator`, `create_by`, `update_by`, `create_time`, `update_time`) VALUES ('530', 'hour', 'int', '109', 0, '10', NULL, NULL, NULL, 'tools', 'tools', 'tools', '2017-10-24 10:32:40', '2017-10-24 10:32:40');
INSERT INTO `TD_COLUMN` (`id`, `name`, `type`, `fact_id`, `not_null`, `length`, `another_name`, `data_app_id`, `tenant_id`, `creator`, `create_by`, `update_by`, `create_time`, `update_time`) VALUES ('531', 'offset', 'int', '109', 0, '10', NULL, NULL, NULL, 'tools', 'tools', 'tools', '2017-10-24 10:32:41', '2017-10-24 10:32:41');
INSERT INTO `TD_COLUMN` (`id`, `name`, `type`, `fact_id`, `not_null`, `length`, `another_name`, `data_app_id`, `tenant_id`, `creator`, `create_by`, `update_by`, `create_time`, `update_time`) VALUES ('532', 'tenant_id', 'varchar', '110', 0, '64', NULL, NULL, NULL, 'tools', 'tools', 'tools', '2017-10-24 10:32:41', '2017-10-24 10:32:41');
INSERT INTO `TD_COLUMN` (`id`, `name`, `type`, `fact_id`, `not_null`, `length`, `another_name`, `data_app_id`, `tenant_id`, `creator`, `create_by`, `update_by`, `create_time`, `update_time`) VALUES ('533', 'project_id', 'int', '110', 0, '10', NULL, NULL, NULL, 'tools', 'tools', 'tools', '2017-10-24 10:32:42', '2017-10-24 10:32:42');
INSERT INTO `TD_COLUMN` (`id`, `name`, `type`, `fact_id`, `not_null`, `length`, `another_name`, `data_app_id`, `tenant_id`, `creator`, `create_by`, `update_by`, `create_time`, `update_time`) VALUES ('534', 'date', 'varchar', '110', 0, '10', NULL, NULL, NULL, 'tools', 'tools', 'tools', '2017-10-24 10:32:42', '2017-10-24 10:32:42');
INSERT INTO `TD_COLUMN` (`id`, `name`, `type`, `fact_id`, `not_null`, `length`, `another_name`, `data_app_id`, `tenant_id`, `creator`, `create_by`, `update_by`, `create_time`, `update_time`) VALUES ('535', 'offset', 'int', '110', 0, '10', NULL, NULL, NULL, 'tools', 'tools', 'tools', '2017-10-24 10:32:42', '2017-10-24 10:32:42');



