--liquibase formatted sql

--changeset ran.li:1487859039310-1
INSERT INTO `wifianalytics_meta`.`TD_METRIC` (`id`, `cube_id`, `name`, `type`, `column_id`, `compute_by`, `data_app_id`, `tenant_id`, `creator`, `create_by`, `update_by`, `create_time`, `update_time`) VALUES ('85', '86', 'enter_new_user_day_cube', '1', '430', 'bitmap', NULL, NULL, 'tools', 'tools', 'tools', '2017-02-23 22:08:43', '2017-02-23 22:08:43');
INSERT INTO `wifianalytics_meta`.`TD_METRIC` (`id`, `cube_id`, `name`, `type`, `column_id`, `compute_by`, `data_app_id`, `tenant_id`, `creator`, `create_by`, `update_by`, `create_time`, `update_time`) VALUES ('86', '87', 'stay_old_user_day_cube', '1', '434', 'bitmap', NULL, NULL, 'tools', 'tools', 'tools', '2017-02-23 22:08:45', '2017-02-23 22:08:45');
INSERT INTO `wifianalytics_meta`.`TD_METRIC` (`id`, `cube_id`, `name`, `type`, `column_id`, `compute_by`, `data_app_id`, `tenant_id`, `creator`, `create_by`, `update_by`, `create_time`, `update_time`) VALUES ('87', '88', 'stay_new_user_day_cube', '1', '438', 'bitmap', NULL, NULL, 'tools', 'tools', 'tools', '2017-02-23 22:08:46', '2017-02-23 22:08:46');
INSERT INTO `wifianalytics_meta`.`TD_METRIC` (`id`, `cube_id`, `name`, `type`, `column_id`, `compute_by`, `data_app_id`, `tenant_id`, `creator`, `create_by`, `update_by`, `create_time`, `update_time`) VALUES ('88', '89', 'enter_old_user_day_cube', '1', '442', 'bitmap', NULL, NULL, 'tools', 'tools', 'tools', '2017-02-23 22:08:47', '2017-02-23 22:08:47');
INSERT INTO `wifianalytics_meta`.`TD_METRIC` (`id`, `cube_id`, `name`, `type`, `column_id`, `compute_by`, `data_app_id`, `tenant_id`, `creator`, `create_by`, `update_by`, `create_time`, `update_time`) VALUES ('89', '90', 'offline_stay_new_user_day_counter', '1', '446', 'counter', NULL, NULL, 'tools', 'tools', 'tools', '2017-02-23 22:08:49', '2017-02-23 22:08:49');
INSERT INTO `wifianalytics_meta`.`TD_METRIC` (`id`, `cube_id`, `name`, `type`, `column_id`, `compute_by`, `data_app_id`, `tenant_id`, `creator`, `create_by`, `update_by`, `create_time`, `update_time`) VALUES ('90', '91', 'offline_stay_old_user_day_counter', '1', '450', 'counter', NULL, NULL, 'tools', 'tools', 'tools', '2017-02-23 22:08:50', '2017-02-23 22:08:50');
INSERT INTO `wifianalytics_meta`.`TD_FACT_TABLE` (`id`, `name`, `version`, `domain_id`, `data_app_id`, `tenant_id`, `creator`, `create_by`, `update_by`, `create_time`, `update_time`) VALUES ('85', 'enter_new_user_day_cube', '1', '1', NULL, NULL, 'tools', 'tools', 'tools', '2017-02-23 22:08:42', '2017-02-23 22:08:42');
INSERT INTO `wifianalytics_meta`.`TD_FACT_TABLE` (`id`, `name`, `version`, `domain_id`, `data_app_id`, `tenant_id`, `creator`, `create_by`, `update_by`, `create_time`, `update_time`) VALUES ('86', 'stay_old_user_day_cube', '1', '1', NULL, NULL, 'tools', 'tools', 'tools', '2017-02-23 22:08:43', '2017-02-23 22:08:43');
INSERT INTO `wifianalytics_meta`.`TD_FACT_TABLE` (`id`, `name`, `version`, `domain_id`, `data_app_id`, `tenant_id`, `creator`, `create_by`, `update_by`, `create_time`, `update_time`) VALUES ('87', 'stay_new_user_day_cube', '1', '1', NULL, NULL, 'tools', 'tools', 'tools', '2017-02-23 22:08:45', '2017-02-23 22:08:45');
INSERT INTO `wifianalytics_meta`.`TD_FACT_TABLE` (`id`, `name`, `version`, `domain_id`, `data_app_id`, `tenant_id`, `creator`, `create_by`, `update_by`, `create_time`, `update_time`) VALUES ('88', 'enter_old_user_day_cube', '1', '1', NULL, NULL, 'tools', 'tools', 'tools', '2017-02-23 22:08:46', '2017-02-23 22:08:46');
INSERT INTO `wifianalytics_meta`.`TD_FACT_TABLE` (`id`, `name`, `version`, `domain_id`, `data_app_id`, `tenant_id`, `creator`, `create_by`, `update_by`, `create_time`, `update_time`) VALUES ('89', 'offline_stay_new_user_day_counter', '1', '2', NULL, NULL, 'tools', 'tools', 'tools', '2017-02-23 22:08:47', '2017-02-23 22:08:47');
INSERT INTO `wifianalytics_meta`.`TD_FACT_TABLE` (`id`, `name`, `version`, `domain_id`, `data_app_id`, `tenant_id`, `creator`, `create_by`, `update_by`, `create_time`, `update_time`) VALUES ('90', 'offline_stay_old_user_day_counter', '1', '2', NULL, NULL, 'tools', 'tools', 'tools', '2017-02-23 22:08:49', '2017-02-23 22:08:49');
INSERT INTO `wifianalytics_meta`.`TD_DIMENSION` (`id`, `cube_id`, `name`, `default_value`, `display_name`, `column_id`, `type`, `data_app_id`, `tenant_id`, `creator`, `create_by`, `update_by`, `create_time`, `update_time`) VALUES ('369', '86', 'tenant_id', 'tenant_id', NULL, '427', '0', NULL, NULL, 'tools', 'tools', 'tools', '2017-02-23 22:08:43', '2017-02-23 22:08:43');
INSERT INTO `wifianalytics_meta`.`TD_DIMENSION` (`id`, `cube_id`, `name`, `default_value`, `display_name`, `column_id`, `type`, `data_app_id`, `tenant_id`, `creator`, `create_by`, `update_by`, `create_time`, `update_time`) VALUES ('370', '86', 'project_id', 'project_id', NULL, '428', '0', NULL, NULL, 'tools', 'tools', 'tools', '2017-02-23 22:08:43', '2017-02-23 22:08:43');
INSERT INTO `wifianalytics_meta`.`TD_DIMENSION` (`id`, `cube_id`, `name`, `default_value`, `display_name`, `column_id`, `type`, `data_app_id`, `tenant_id`, `creator`, `create_by`, `update_by`, `create_time`, `update_time`) VALUES ('371', '86', 'date', 'date', NULL, '429', '0', NULL, NULL, 'tools', 'tools', 'tools', '2017-02-23 22:08:43', '2017-02-23 22:08:43');
INSERT INTO `wifianalytics_meta`.`TD_DIMENSION` (`id`, `cube_id`, `name`, `default_value`, `display_name`, `column_id`, `type`, `data_app_id`, `tenant_id`, `creator`, `create_by`, `update_by`, `create_time`, `update_time`) VALUES ('372', '87', 'tenant_id', 'tenant_id', NULL, '431', '0', NULL, NULL, 'tools', 'tools', 'tools', '2017-02-23 22:08:44', '2017-02-23 22:08:44');
INSERT INTO `wifianalytics_meta`.`TD_DIMENSION` (`id`, `cube_id`, `name`, `default_value`, `display_name`, `column_id`, `type`, `data_app_id`, `tenant_id`, `creator`, `create_by`, `update_by`, `create_time`, `update_time`) VALUES ('373', '87', 'project_id', 'project_id', NULL, '432', '0', NULL, NULL, 'tools', 'tools', 'tools', '2017-02-23 22:08:44', '2017-02-23 22:08:44');
INSERT INTO `wifianalytics_meta`.`TD_DIMENSION` (`id`, `cube_id`, `name`, `default_value`, `display_name`, `column_id`, `type`, `data_app_id`, `tenant_id`, `creator`, `create_by`, `update_by`, `create_time`, `update_time`) VALUES ('374', '87', 'date', 'date', NULL, '433', '0', NULL, NULL, 'tools', 'tools', 'tools', '2017-02-23 22:08:44', '2017-02-23 22:08:44');
INSERT INTO `wifianalytics_meta`.`TD_DIMENSION` (`id`, `cube_id`, `name`, `default_value`, `display_name`, `column_id`, `type`, `data_app_id`, `tenant_id`, `creator`, `create_by`, `update_by`, `create_time`, `update_time`) VALUES ('375', '88', 'tenant_id', 'tenant_id', NULL, '435', '0', NULL, NULL, 'tools', 'tools', 'tools', '2017-02-23 22:08:45', '2017-02-23 22:08:45');
INSERT INTO `wifianalytics_meta`.`TD_DIMENSION` (`id`, `cube_id`, `name`, `default_value`, `display_name`, `column_id`, `type`, `data_app_id`, `tenant_id`, `creator`, `create_by`, `update_by`, `create_time`, `update_time`) VALUES ('376', '88', 'project_id', 'project_id', NULL, '436', '0', NULL, NULL, 'tools', 'tools', 'tools', '2017-02-23 22:08:45', '2017-02-23 22:08:45');
INSERT INTO `wifianalytics_meta`.`TD_DIMENSION` (`id`, `cube_id`, `name`, `default_value`, `display_name`, `column_id`, `type`, `data_app_id`, `tenant_id`, `creator`, `create_by`, `update_by`, `create_time`, `update_time`) VALUES ('377', '88', 'date', 'date', NULL, '437', '0', NULL, NULL, 'tools', 'tools', 'tools', '2017-02-23 22:08:46', '2017-02-23 22:08:46');
INSERT INTO `wifianalytics_meta`.`TD_DIMENSION` (`id`, `cube_id`, `name`, `default_value`, `display_name`, `column_id`, `type`, `data_app_id`, `tenant_id`, `creator`, `create_by`, `update_by`, `create_time`, `update_time`) VALUES ('378', '89', 'tenant_id', 'tenant_id', NULL, '439', '0', NULL, NULL, 'tools', 'tools', 'tools', '2017-02-23 22:08:46', '2017-02-23 22:08:46');
INSERT INTO `wifianalytics_meta`.`TD_DIMENSION` (`id`, `cube_id`, `name`, `default_value`, `display_name`, `column_id`, `type`, `data_app_id`, `tenant_id`, `creator`, `create_by`, `update_by`, `create_time`, `update_time`) VALUES ('379', '89', 'project_id', 'project_id', NULL, '440', '0', NULL, NULL, 'tools', 'tools', 'tools', '2017-02-23 22:08:47', '2017-02-23 22:08:47');
INSERT INTO `wifianalytics_meta`.`TD_DIMENSION` (`id`, `cube_id`, `name`, `default_value`, `display_name`, `column_id`, `type`, `data_app_id`, `tenant_id`, `creator`, `create_by`, `update_by`, `create_time`, `update_time`) VALUES ('380', '89', 'date', 'date', NULL, '441', '0', NULL, NULL, 'tools', 'tools', 'tools', '2017-02-23 22:08:47', '2017-02-23 22:08:47');
INSERT INTO `wifianalytics_meta`.`TD_DIMENSION` (`id`, `cube_id`, `name`, `default_value`, `display_name`, `column_id`, `type`, `data_app_id`, `tenant_id`, `creator`, `create_by`, `update_by`, `create_time`, `update_time`) VALUES ('381', '90', 'tenant_id', 'tenant_id', NULL, '443', '0', NULL, NULL, 'tools', 'tools', 'tools', '2017-02-23 22:08:48', '2017-02-23 22:08:48');
INSERT INTO `wifianalytics_meta`.`TD_DIMENSION` (`id`, `cube_id`, `name`, `default_value`, `display_name`, `column_id`, `type`, `data_app_id`, `tenant_id`, `creator`, `create_by`, `update_by`, `create_time`, `update_time`) VALUES ('382', '90', 'project_id', 'project_id', NULL, '444', '0', NULL, NULL, 'tools', 'tools', 'tools', '2017-02-23 22:08:48', '2017-02-23 22:08:48');
INSERT INTO `wifianalytics_meta`.`TD_DIMENSION` (`id`, `cube_id`, `name`, `default_value`, `display_name`, `column_id`, `type`, `data_app_id`, `tenant_id`, `creator`, `create_by`, `update_by`, `create_time`, `update_time`) VALUES ('383', '90', 'date', 'date', NULL, '445', '0', NULL, NULL, 'tools', 'tools', 'tools', '2017-02-23 22:08:48', '2017-02-23 22:08:48');
INSERT INTO `wifianalytics_meta`.`TD_DIMENSION` (`id`, `cube_id`, `name`, `default_value`, `display_name`, `column_id`, `type`, `data_app_id`, `tenant_id`, `creator`, `create_by`, `update_by`, `create_time`, `update_time`) VALUES ('384', '91', 'tenant_id', 'tenant_id', NULL, '447', '0', NULL, NULL, 'tools', 'tools', 'tools', '2017-02-23 22:08:49', '2017-02-23 22:08:49');
INSERT INTO `wifianalytics_meta`.`TD_DIMENSION` (`id`, `cube_id`, `name`, `default_value`, `display_name`, `column_id`, `type`, `data_app_id`, `tenant_id`, `creator`, `create_by`, `update_by`, `create_time`, `update_time`) VALUES ('385', '91', 'project_id', 'project_id', NULL, '448', '0', NULL, NULL, 'tools', 'tools', 'tools', '2017-02-23 22:08:49', '2017-02-23 22:08:49');
INSERT INTO `wifianalytics_meta`.`TD_DIMENSION` (`id`, `cube_id`, `name`, `default_value`, `display_name`, `column_id`, `type`, `data_app_id`, `tenant_id`, `creator`, `create_by`, `update_by`, `create_time`, `update_time`) VALUES ('386', '91', 'date', 'date', NULL, '449', '0', NULL, NULL, 'tools', 'tools', 'tools', '2017-02-23 22:08:50', '2017-02-23 22:08:50');
INSERT INTO `wifianalytics_meta`.`TD_CUBE` (`id`, `name`, `owner`, `description`, `fact_table_id`, `domain_id`, `data_app_id`, `tenant_id`, `creator`, `create_by`, `update_by`, `create_time`, `update_time`) VALUES ('86', 'enter_new_user_day_cube', NULL, 'enter_new_user_day_cube', '85', '1', NULL, NULL, 'tools', 'tools', 'tools', '2017-02-23 22:08:42', '2017-02-23 22:08:42');
INSERT INTO `wifianalytics_meta`.`TD_CUBE` (`id`, `name`, `owner`, `description`, `fact_table_id`, `domain_id`, `data_app_id`, `tenant_id`, `creator`, `create_by`, `update_by`, `create_time`, `update_time`) VALUES ('87', 'stay_old_user_day_cube', NULL, 'stay_old_user_day_cube', '86', '1', NULL, NULL, 'tools', 'tools', 'tools', '2017-02-23 22:08:44', '2017-02-23 22:08:44');
INSERT INTO `wifianalytics_meta`.`TD_CUBE` (`id`, `name`, `owner`, `description`, `fact_table_id`, `domain_id`, `data_app_id`, `tenant_id`, `creator`, `create_by`, `update_by`, `create_time`, `update_time`) VALUES ('88', 'stay_new_user_day_cube', NULL, 'stay_new_user_day_cube', '87', '1', NULL, NULL, 'tools', 'tools', 'tools', '2017-02-23 22:08:45', '2017-02-23 22:08:45');
INSERT INTO `wifianalytics_meta`.`TD_CUBE` (`id`, `name`, `owner`, `description`, `fact_table_id`, `domain_id`, `data_app_id`, `tenant_id`, `creator`, `create_by`, `update_by`, `create_time`, `update_time`) VALUES ('89', 'enter_old_user_day_cube', NULL, 'enter_old_user_day_cube', '88', '1', NULL, NULL, 'tools', 'tools', 'tools', '2017-02-23 22:08:46', '2017-02-23 22:08:46');
INSERT INTO `wifianalytics_meta`.`TD_CUBE` (`id`, `name`, `owner`, `description`, `fact_table_id`, `domain_id`, `data_app_id`, `tenant_id`, `creator`, `create_by`, `update_by`, `create_time`, `update_time`) VALUES ('90', 'offline_stay_new_user_day_counter', NULL, 'offline_stay_new_user_day_counter', '89', '2', NULL, NULL, 'tools', 'tools', 'tools', '2017-02-23 22:08:48', '2017-02-23 22:08:48');
INSERT INTO `wifianalytics_meta`.`TD_CUBE` (`id`, `name`, `owner`, `description`, `fact_table_id`, `domain_id`, `data_app_id`, `tenant_id`, `creator`, `create_by`, `update_by`, `create_time`, `update_time`) VALUES ('91', 'offline_stay_old_user_day_counter', NULL, 'offline_stay_old_user_day_counter', '90', '2', NULL, NULL, 'tools', 'tools', 'tools', '2017-02-23 22:08:49', '2017-02-23 22:08:49');
INSERT INTO `wifianalytics_meta`.`TD_COLUMN` (`id`, `name`, `type`, `fact_id`, `not_null`, `length`, `another_name`, `data_app_id`, `tenant_id`, `creator`, `create_by`, `update_by`, `create_time`, `update_time`) VALUES ('427', 'tenant_id', 'varchar', '85', 0, '64', NULL, NULL, NULL, 'tools', 'tools', 'tools', '2017-02-23 22:08:42', '2017-02-23 22:08:42');
INSERT INTO `wifianalytics_meta`.`TD_COLUMN` (`id`, `name`, `type`, `fact_id`, `not_null`, `length`, `another_name`, `data_app_id`, `tenant_id`, `creator`, `create_by`, `update_by`, `create_time`, `update_time`) VALUES ('428', 'project_id', 'int', '85', 0, '10', NULL, NULL, NULL, 'tools', 'tools', 'tools', '2017-02-23 22:08:43', '2017-02-23 22:08:43');
INSERT INTO `wifianalytics_meta`.`TD_COLUMN` (`id`, `name`, `type`, `fact_id`, `not_null`, `length`, `another_name`, `data_app_id`, `tenant_id`, `creator`, `create_by`, `update_by`, `create_time`, `update_time`) VALUES ('429', 'date', 'varchar', '85', 0, '10', NULL, NULL, NULL, 'tools', 'tools', 'tools', '2017-02-23 22:08:43', '2017-02-23 22:08:43');
INSERT INTO `wifianalytics_meta`.`TD_COLUMN` (`id`, `name`, `type`, `fact_id`, `not_null`, `length`, `another_name`, `data_app_id`, `tenant_id`, `creator`, `create_by`, `update_by`, `create_time`, `update_time`) VALUES ('430', 'offset', 'int', '85', 0, '10', NULL, NULL, NULL, 'tools', 'tools', 'tools', '2017-02-23 22:08:43', '2017-02-23 22:08:43');
INSERT INTO `wifianalytics_meta`.`TD_COLUMN` (`id`, `name`, `type`, `fact_id`, `not_null`, `length`, `another_name`, `data_app_id`, `tenant_id`, `creator`, `create_by`, `update_by`, `create_time`, `update_time`) VALUES ('431', 'tenant_id', 'varchar', '86', 0, '64', NULL, NULL, NULL, 'tools', 'tools', 'tools', '2017-02-23 22:08:44', '2017-02-23 22:08:44');
INSERT INTO `wifianalytics_meta`.`TD_COLUMN` (`id`, `name`, `type`, `fact_id`, `not_null`, `length`, `another_name`, `data_app_id`, `tenant_id`, `creator`, `create_by`, `update_by`, `create_time`, `update_time`) VALUES ('432', 'project_id', 'int', '86', 0, '10', NULL, NULL, NULL, 'tools', 'tools', 'tools', '2017-02-23 22:08:44', '2017-02-23 22:08:44');
INSERT INTO `wifianalytics_meta`.`TD_COLUMN` (`id`, `name`, `type`, `fact_id`, `not_null`, `length`, `another_name`, `data_app_id`, `tenant_id`, `creator`, `create_by`, `update_by`, `create_time`, `update_time`) VALUES ('433', 'date', 'varchar', '86', 0, '10', NULL, NULL, NULL, 'tools', 'tools', 'tools', '2017-02-23 22:08:44', '2017-02-23 22:08:44');
INSERT INTO `wifianalytics_meta`.`TD_COLUMN` (`id`, `name`, `type`, `fact_id`, `not_null`, `length`, `another_name`, `data_app_id`, `tenant_id`, `creator`, `create_by`, `update_by`, `create_time`, `update_time`) VALUES ('434', 'offset', 'int', '86', 0, '10', NULL, NULL, NULL, 'tools', 'tools', 'tools', '2017-02-23 22:08:44', '2017-02-23 22:08:44');
INSERT INTO `wifianalytics_meta`.`TD_COLUMN` (`id`, `name`, `type`, `fact_id`, `not_null`, `length`, `another_name`, `data_app_id`, `tenant_id`, `creator`, `create_by`, `update_by`, `create_time`, `update_time`) VALUES ('435', 'tenant_id', 'varchar', '87', 0, '64', NULL, NULL, NULL, 'tools', 'tools', 'tools', '2017-02-23 22:08:45', '2017-02-23 22:08:45');
INSERT INTO `wifianalytics_meta`.`TD_COLUMN` (`id`, `name`, `type`, `fact_id`, `not_null`, `length`, `another_name`, `data_app_id`, `tenant_id`, `creator`, `create_by`, `update_by`, `create_time`, `update_time`) VALUES ('436', 'project_id', 'int', '87', 0, '10', NULL, NULL, NULL, 'tools', 'tools', 'tools', '2017-02-23 22:08:45', '2017-02-23 22:08:45');
INSERT INTO `wifianalytics_meta`.`TD_COLUMN` (`id`, `name`, `type`, `fact_id`, `not_null`, `length`, `another_name`, `data_app_id`, `tenant_id`, `creator`, `create_by`, `update_by`, `create_time`, `update_time`) VALUES ('437', 'date', 'varchar', '87', 0, '10', NULL, NULL, NULL, 'tools', 'tools', 'tools', '2017-02-23 22:08:46', '2017-02-23 22:08:46');
INSERT INTO `wifianalytics_meta`.`TD_COLUMN` (`id`, `name`, `type`, `fact_id`, `not_null`, `length`, `another_name`, `data_app_id`, `tenant_id`, `creator`, `create_by`, `update_by`, `create_time`, `update_time`) VALUES ('438', 'offset', 'int', '87', 0, '10', NULL, NULL, NULL, 'tools', 'tools', 'tools', '2017-02-23 22:08:46', '2017-02-23 22:08:46');
INSERT INTO `wifianalytics_meta`.`TD_COLUMN` (`id`, `name`, `type`, `fact_id`, `not_null`, `length`, `another_name`, `data_app_id`, `tenant_id`, `creator`, `create_by`, `update_by`, `create_time`, `update_time`) VALUES ('439', 'tenant_id', 'varchar', '88', 0, '64', NULL, NULL, NULL, 'tools', 'tools', 'tools', '2017-02-23 22:08:46', '2017-02-23 22:08:46');
INSERT INTO `wifianalytics_meta`.`TD_COLUMN` (`id`, `name`, `type`, `fact_id`, `not_null`, `length`, `another_name`, `data_app_id`, `tenant_id`, `creator`, `create_by`, `update_by`, `create_time`, `update_time`) VALUES ('440', 'project_id', 'int', '88', 0, '10', NULL, NULL, NULL, 'tools', 'tools', 'tools', '2017-02-23 22:08:47', '2017-02-23 22:08:47');
INSERT INTO `wifianalytics_meta`.`TD_COLUMN` (`id`, `name`, `type`, `fact_id`, `not_null`, `length`, `another_name`, `data_app_id`, `tenant_id`, `creator`, `create_by`, `update_by`, `create_time`, `update_time`) VALUES ('441', 'date', 'varchar', '88', 0, '10', NULL, NULL, NULL, 'tools', 'tools', 'tools', '2017-02-23 22:08:47', '2017-02-23 22:08:47');
INSERT INTO `wifianalytics_meta`.`TD_COLUMN` (`id`, `name`, `type`, `fact_id`, `not_null`, `length`, `another_name`, `data_app_id`, `tenant_id`, `creator`, `create_by`, `update_by`, `create_time`, `update_time`) VALUES ('442', 'offset', 'int', '88', 0, '10', NULL, NULL, NULL, 'tools', 'tools', 'tools', '2017-02-23 22:08:47', '2017-02-23 22:08:47');
INSERT INTO `wifianalytics_meta`.`TD_COLUMN` (`id`, `name`, `type`, `fact_id`, `not_null`, `length`, `another_name`, `data_app_id`, `tenant_id`, `creator`, `create_by`, `update_by`, `create_time`, `update_time`) VALUES ('443', 'tenant_id', 'varchar', '89', 0, '64', NULL, NULL, NULL, 'tools', 'tools', 'tools', '2017-02-23 22:08:48', '2017-02-23 22:08:48');
INSERT INTO `wifianalytics_meta`.`TD_COLUMN` (`id`, `name`, `type`, `fact_id`, `not_null`, `length`, `another_name`, `data_app_id`, `tenant_id`, `creator`, `create_by`, `update_by`, `create_time`, `update_time`) VALUES ('444', 'project_id', 'int', '89', 0, '10', NULL, NULL, NULL, 'tools', 'tools', 'tools', '2017-02-23 22:08:48', '2017-02-23 22:08:48');
INSERT INTO `wifianalytics_meta`.`TD_COLUMN` (`id`, `name`, `type`, `fact_id`, `not_null`, `length`, `another_name`, `data_app_id`, `tenant_id`, `creator`, `create_by`, `update_by`, `create_time`, `update_time`) VALUES ('445', 'date', 'varchar', '89', 0, '10', NULL, NULL, NULL, 'tools', 'tools', 'tools', '2017-02-23 22:08:48', '2017-02-23 22:08:48');
INSERT INTO `wifianalytics_meta`.`TD_COLUMN` (`id`, `name`, `type`, `fact_id`, `not_null`, `length`, `another_name`, `data_app_id`, `tenant_id`, `creator`, `create_by`, `update_by`, `create_time`, `update_time`) VALUES ('446', 'offset', 'int', '89', 0, '10', NULL, NULL, NULL, 'tools', 'tools', 'tools', '2017-02-23 22:08:48', '2017-02-23 22:08:48');
INSERT INTO `wifianalytics_meta`.`TD_COLUMN` (`id`, `name`, `type`, `fact_id`, `not_null`, `length`, `another_name`, `data_app_id`, `tenant_id`, `creator`, `create_by`, `update_by`, `create_time`, `update_time`) VALUES ('447', 'tenant_id', 'varchar', '90', 0, '64', NULL, NULL, NULL, 'tools', 'tools', 'tools', '2017-02-23 22:08:49', '2017-02-23 22:08:49');
INSERT INTO `wifianalytics_meta`.`TD_COLUMN` (`id`, `name`, `type`, `fact_id`, `not_null`, `length`, `another_name`, `data_app_id`, `tenant_id`, `creator`, `create_by`, `update_by`, `create_time`, `update_time`) VALUES ('448', 'project_id', 'int', '90', 0, '10', NULL, NULL, NULL, 'tools', 'tools', 'tools', '2017-02-23 22:08:49', '2017-02-23 22:08:49');
INSERT INTO `wifianalytics_meta`.`TD_COLUMN` (`id`, `name`, `type`, `fact_id`, `not_null`, `length`, `another_name`, `data_app_id`, `tenant_id`, `creator`, `create_by`, `update_by`, `create_time`, `update_time`) VALUES ('449', 'date', 'varchar', '90', 0, '10', NULL, NULL, NULL, 'tools', 'tools', 'tools', '2017-02-23 22:08:50', '2017-02-23 22:08:50');
INSERT INTO `wifianalytics_meta`.`TD_COLUMN` (`id`, `name`, `type`, `fact_id`, `not_null`, `length`, `another_name`, `data_app_id`, `tenant_id`, `creator`, `create_by`, `update_by`, `create_time`, `update_time`) VALUES ('450', 'offset', 'int', '90', 0, '10', NULL, NULL, NULL, 'tools', 'tools', 'tools', '2017-02-23 22:08:50', '2017-02-23 22:08:50');
