--liquibase formatted sql

--changeset junmin.li:1507812871381-1
INSERT INTO `TD_CUBE` (`id`, `name`, `owner`, `description`, `fact_table_id`, `domain_id`, `data_app_id`, `tenant_id`, `creator`, `create_by`, `update_by`, `create_time`, `update_time`) VALUES ('102', 'low_stay_user_cube', NULL, 'low_stay_user_cube', '101', '1', NULL, NULL, 'tools', 'tools', 'tools', '2017-10-12 18:35:49', '2017-10-12 18:35:49');
INSERT INTO `TD_CUBE` (`id`, `name`, `owner`, `description`, `fact_table_id`, `domain_id`, `data_app_id`, `tenant_id`, `creator`, `create_by`, `update_by`, `create_time`, `update_time`) VALUES ('103', 'high_stay_user_cube', NULL, 'high_stay_user_cube', '102', '1', NULL, NULL, 'tools', 'tools', 'tools', '2017-10-12 18:35:51', '2017-10-12 18:35:51');
INSERT INTO `TD_CUBE` (`id`, `name`, `owner`, `description`, `fact_table_id`, `domain_id`, `data_app_id`, `tenant_id`, `creator`, `create_by`, `update_by`, `create_time`, `update_time`) VALUES ('104', 'sleep_acive_user_cube', NULL, 'sleep_acive_user_cube', '103', '1', NULL, NULL, 'tools', 'tools', 'tools', '2017-10-12 18:35:52', '2017-10-12 18:35:52');
INSERT INTO `TD_CUBE` (`id`, `name`, `owner`, `description`, `fact_table_id`, `domain_id`, `data_app_id`, `tenant_id`, `creator`, `create_by`, `update_by`, `create_time`, `update_time`) VALUES ('105', 'low_acive_user_cube', NULL, 'low_acive_user_cube', '104', '1', NULL, NULL, 'tools', 'tools', 'tools', '2017-10-12 18:35:54', '2017-10-12 18:35:54');
INSERT INTO `TD_CUBE` (`id`, `name`, `owner`, `description`, `fact_table_id`, `domain_id`, `data_app_id`, `tenant_id`, `creator`, `create_by`, `update_by`, `create_time`, `update_time`) VALUES ('106', 'sleep_stay_user_cube', NULL, 'sleep_stay_user_cube', '105', '1', NULL, NULL, 'tools', 'tools', 'tools', '2017-10-12 18:35:55', '2017-10-12 18:35:55');
INSERT INTO `TD_CUBE` (`id`, `name`, `owner`, `description`, `fact_table_id`, `domain_id`, `data_app_id`, `tenant_id`, `creator`, `create_by`, `update_by`, `create_time`, `update_time`) VALUES ('107', 'medium_stay_user_cube', NULL, 'medium_stay_user_cube', '106', '1', NULL, NULL, 'tools', 'tools', 'tools', '2017-10-12 18:35:57', '2017-10-12 18:35:57');
INSERT INTO `TD_CUBE` (`id`, `name`, `owner`, `description`, `fact_table_id`, `domain_id`, `data_app_id`, `tenant_id`, `creator`, `create_by`, `update_by`, `create_time`, `update_time`) VALUES ('108', 'medium_acive_user_cube', NULL, 'medium_acive_user_cube', '107', '1', NULL, NULL, 'tools', 'tools', 'tools', '2017-10-12 18:35:58', '2017-10-12 18:35:58');
INSERT INTO `TD_CUBE` (`id`, `name`, `owner`, `description`, `fact_table_id`, `domain_id`, `data_app_id`, `tenant_id`, `creator`, `create_by`, `update_by`, `create_time`, `update_time`) VALUES ('109', 'high_acive_user_cube', NULL, 'high_acive_user_cube', '108', '1', NULL, NULL, 'tools', 'tools', 'tools', '2017-10-12 18:36:00', '2017-10-12 18:36:00');
INSERT INTO `TD_DIMENSION` (`id`, `cube_id`, `name`, `default_value`, `display_name`, `column_id`, `type`, `data_app_id`, `tenant_id`, `creator`, `create_by`, `update_by`, `create_time`, `update_time`) VALUES ('422', '102', 'tenant_id', 'tenant_id', NULL, '495', '0', NULL, NULL, 'tools', 'tools', 'tools', '2017-10-12 18:35:49', '2017-10-12 18:35:49');
INSERT INTO `TD_DIMENSION` (`id`, `cube_id`, `name`, `default_value`, `display_name`, `column_id`, `type`, `data_app_id`, `tenant_id`, `creator`, `create_by`, `update_by`, `create_time`, `update_time`) VALUES ('423', '102', 'project_id', 'project_id', NULL, '496', '0', NULL, NULL, 'tools', 'tools', 'tools', '2017-10-12 18:35:50', '2017-10-12 18:35:50');
INSERT INTO `TD_DIMENSION` (`id`, `cube_id`, `name`, `default_value`, `display_name`, `column_id`, `type`, `data_app_id`, `tenant_id`, `creator`, `create_by`, `update_by`, `create_time`, `update_time`) VALUES ('424', '102', 'date', 'date', NULL, '497', '0', NULL, NULL, 'tools', 'tools', 'tools', '2017-10-12 18:35:50', '2017-10-12 18:35:50');
INSERT INTO `TD_DIMENSION` (`id`, `cube_id`, `name`, `default_value`, `display_name`, `column_id`, `type`, `data_app_id`, `tenant_id`, `creator`, `create_by`, `update_by`, `create_time`, `update_time`) VALUES ('425', '103', 'tenant_id', 'tenant_id', NULL, '499', '0', NULL, NULL, 'tools', 'tools', 'tools', '2017-10-12 18:35:51', '2017-10-12 18:35:51');
INSERT INTO `TD_DIMENSION` (`id`, `cube_id`, `name`, `default_value`, `display_name`, `column_id`, `type`, `data_app_id`, `tenant_id`, `creator`, `create_by`, `update_by`, `create_time`, `update_time`) VALUES ('426', '103', 'project_id', 'project_id', NULL, '500', '0', NULL, NULL, 'tools', 'tools', 'tools', '2017-10-12 18:35:51', '2017-10-12 18:35:51');
INSERT INTO `TD_DIMENSION` (`id`, `cube_id`, `name`, `default_value`, `display_name`, `column_id`, `type`, `data_app_id`, `tenant_id`, `creator`, `create_by`, `update_by`, `create_time`, `update_time`) VALUES ('427', '103', 'date', 'date', NULL, '501', '0', NULL, NULL, 'tools', 'tools', 'tools', '2017-10-12 18:35:51', '2017-10-12 18:35:51');
INSERT INTO `TD_DIMENSION` (`id`, `cube_id`, `name`, `default_value`, `display_name`, `column_id`, `type`, `data_app_id`, `tenant_id`, `creator`, `create_by`, `update_by`, `create_time`, `update_time`) VALUES ('428', '104', 'tenant_id', 'tenant_id', NULL, '503', '0', NULL, NULL, 'tools', 'tools', 'tools', '2017-10-12 18:35:52', '2017-10-12 18:35:52');
INSERT INTO `TD_DIMENSION` (`id`, `cube_id`, `name`, `default_value`, `display_name`, `column_id`, `type`, `data_app_id`, `tenant_id`, `creator`, `create_by`, `update_by`, `create_time`, `update_time`) VALUES ('429', '104', 'project_id', 'project_id', NULL, '504', '0', NULL, NULL, 'tools', 'tools', 'tools', '2017-10-12 18:35:53', '2017-10-12 18:35:53');
INSERT INTO `TD_DIMENSION` (`id`, `cube_id`, `name`, `default_value`, `display_name`, `column_id`, `type`, `data_app_id`, `tenant_id`, `creator`, `create_by`, `update_by`, `create_time`, `update_time`) VALUES ('430', '104', 'date', 'date', NULL, '505', '0', NULL, NULL, 'tools', 'tools', 'tools', '2017-10-12 18:35:53', '2017-10-12 18:35:53');
INSERT INTO `TD_DIMENSION` (`id`, `cube_id`, `name`, `default_value`, `display_name`, `column_id`, `type`, `data_app_id`, `tenant_id`, `creator`, `create_by`, `update_by`, `create_time`, `update_time`) VALUES ('431', '105', 'tenant_id', 'tenant_id', NULL, '507', '0', NULL, NULL, 'tools', 'tools', 'tools', '2017-10-12 18:35:54', '2017-10-12 18:35:54');
INSERT INTO `TD_DIMENSION` (`id`, `cube_id`, `name`, `default_value`, `display_name`, `column_id`, `type`, `data_app_id`, `tenant_id`, `creator`, `create_by`, `update_by`, `create_time`, `update_time`) VALUES ('432', '105', 'project_id', 'project_id', NULL, '508', '0', NULL, NULL, 'tools', 'tools', 'tools', '2017-10-12 18:35:54', '2017-10-12 18:35:54');
INSERT INTO `TD_DIMENSION` (`id`, `cube_id`, `name`, `default_value`, `display_name`, `column_id`, `type`, `data_app_id`, `tenant_id`, `creator`, `create_by`, `update_by`, `create_time`, `update_time`) VALUES ('433', '105', 'date', 'date', NULL, '509', '0', NULL, NULL, 'tools', 'tools', 'tools', '2017-10-12 18:35:54', '2017-10-12 18:35:54');
INSERT INTO `TD_DIMENSION` (`id`, `cube_id`, `name`, `default_value`, `display_name`, `column_id`, `type`, `data_app_id`, `tenant_id`, `creator`, `create_by`, `update_by`, `create_time`, `update_time`) VALUES ('434', '106', 'tenant_id', 'tenant_id', NULL, '511', '0', NULL, NULL, 'tools', 'tools', 'tools', '2017-10-12 18:35:55', '2017-10-12 18:35:55');
INSERT INTO `TD_DIMENSION` (`id`, `cube_id`, `name`, `default_value`, `display_name`, `column_id`, `type`, `data_app_id`, `tenant_id`, `creator`, `create_by`, `update_by`, `create_time`, `update_time`) VALUES ('435', '106', 'project_id', 'project_id', NULL, '512', '0', NULL, NULL, 'tools', 'tools', 'tools', '2017-10-12 18:35:56', '2017-10-12 18:35:56');
INSERT INTO `TD_DIMENSION` (`id`, `cube_id`, `name`, `default_value`, `display_name`, `column_id`, `type`, `data_app_id`, `tenant_id`, `creator`, `create_by`, `update_by`, `create_time`, `update_time`) VALUES ('436', '106', 'date', 'date', NULL, '513', '0', NULL, NULL, 'tools', 'tools', 'tools', '2017-10-12 18:35:56', '2017-10-12 18:35:56');
INSERT INTO `TD_DIMENSION` (`id`, `cube_id`, `name`, `default_value`, `display_name`, `column_id`, `type`, `data_app_id`, `tenant_id`, `creator`, `create_by`, `update_by`, `create_time`, `update_time`) VALUES ('437', '107', 'tenant_id', 'tenant_id', NULL, '515', '0', NULL, NULL, 'tools', 'tools', 'tools', '2017-10-12 18:35:57', '2017-10-12 18:35:57');
INSERT INTO `TD_DIMENSION` (`id`, `cube_id`, `name`, `default_value`, `display_name`, `column_id`, `type`, `data_app_id`, `tenant_id`, `creator`, `create_by`, `update_by`, `create_time`, `update_time`) VALUES ('438', '107', 'project_id', 'project_id', NULL, '516', '0', NULL, NULL, 'tools', 'tools', 'tools', '2017-10-12 18:35:57', '2017-10-12 18:35:57');
INSERT INTO `TD_DIMENSION` (`id`, `cube_id`, `name`, `default_value`, `display_name`, `column_id`, `type`, `data_app_id`, `tenant_id`, `creator`, `create_by`, `update_by`, `create_time`, `update_time`) VALUES ('439', '107', 'date', 'date', NULL, '517', '0', NULL, NULL, 'tools', 'tools', 'tools', '2017-10-12 18:35:57', '2017-10-12 18:35:57');
INSERT INTO `TD_DIMENSION` (`id`, `cube_id`, `name`, `default_value`, `display_name`, `column_id`, `type`, `data_app_id`, `tenant_id`, `creator`, `create_by`, `update_by`, `create_time`, `update_time`) VALUES ('440', '108', 'tenant_id', 'tenant_id', NULL, '519', '0', NULL, NULL, 'tools', 'tools', 'tools', '2017-10-12 18:35:58', '2017-10-12 18:35:58');
INSERT INTO `TD_DIMENSION` (`id`, `cube_id`, `name`, `default_value`, `display_name`, `column_id`, `type`, `data_app_id`, `tenant_id`, `creator`, `create_by`, `update_by`, `create_time`, `update_time`) VALUES ('441', '108', 'project_id', 'project_id', NULL, '520', '0', NULL, NULL, 'tools', 'tools', 'tools', '2017-10-12 18:35:59', '2017-10-12 18:35:59');
INSERT INTO `TD_DIMENSION` (`id`, `cube_id`, `name`, `default_value`, `display_name`, `column_id`, `type`, `data_app_id`, `tenant_id`, `creator`, `create_by`, `update_by`, `create_time`, `update_time`) VALUES ('442', '108', 'date', 'date', NULL, '521', '0', NULL, NULL, 'tools', 'tools', 'tools', '2017-10-12 18:35:59', '2017-10-12 18:35:59');
INSERT INTO `TD_DIMENSION` (`id`, `cube_id`, `name`, `default_value`, `display_name`, `column_id`, `type`, `data_app_id`, `tenant_id`, `creator`, `create_by`, `update_by`, `create_time`, `update_time`) VALUES ('443', '109', 'tenant_id', 'tenant_id', NULL, '523', '0', NULL, NULL, 'tools', 'tools', 'tools', '2017-10-12 18:36:00', '2017-10-12 18:36:00');
INSERT INTO `TD_DIMENSION` (`id`, `cube_id`, `name`, `default_value`, `display_name`, `column_id`, `type`, `data_app_id`, `tenant_id`, `creator`, `create_by`, `update_by`, `create_time`, `update_time`) VALUES ('444', '109', 'project_id', 'project_id', NULL, '524', '0', NULL, NULL, 'tools', 'tools', 'tools', '2017-10-12 18:36:00', '2017-10-12 18:36:00');
INSERT INTO `TD_DIMENSION` (`id`, `cube_id`, `name`, `default_value`, `display_name`, `column_id`, `type`, `data_app_id`, `tenant_id`, `creator`, `create_by`, `update_by`, `create_time`, `update_time`) VALUES ('445', '109', 'date', 'date', NULL, '525', '0', NULL, NULL, 'tools', 'tools', 'tools', '2017-10-12 18:36:01', '2017-10-12 18:36:01');
INSERT INTO `TD_FACT_TABLE` (`id`, `name`, `version`, `domain_id`, `data_app_id`, `tenant_id`, `creator`, `create_by`, `update_by`, `create_time`, `update_time`) VALUES ('101', 'low_stay_user_cube', '1', '1', NULL, NULL, 'tools', 'tools', 'tools', '2017-10-12 18:35:49', '2017-10-12 18:35:49');
INSERT INTO `TD_FACT_TABLE` (`id`, `name`, `version`, `domain_id`, `data_app_id`, `tenant_id`, `creator`, `create_by`, `update_by`, `create_time`, `update_time`) VALUES ('102', 'high_stay_user_cube', '1', '1', NULL, NULL, 'tools', 'tools', 'tools', '2017-10-12 18:35:51', '2017-10-12 18:35:51');
INSERT INTO `TD_FACT_TABLE` (`id`, `name`, `version`, `domain_id`, `data_app_id`, `tenant_id`, `creator`, `create_by`, `update_by`, `create_time`, `update_time`) VALUES ('103', 'sleep_acive_user_cube', '1', '1', NULL, NULL, 'tools', 'tools', 'tools', '2017-10-12 18:35:52', '2017-10-12 18:35:52');
INSERT INTO `TD_FACT_TABLE` (`id`, `name`, `version`, `domain_id`, `data_app_id`, `tenant_id`, `creator`, `create_by`, `update_by`, `create_time`, `update_time`) VALUES ('104', 'low_acive_user_cube', '1', '1', NULL, NULL, 'tools', 'tools', 'tools', '2017-10-12 18:35:53', '2017-10-12 18:35:53');
INSERT INTO `TD_FACT_TABLE` (`id`, `name`, `version`, `domain_id`, `data_app_id`, `tenant_id`, `creator`, `create_by`, `update_by`, `create_time`, `update_time`) VALUES ('105', 'sleep_stay_user_cube', '1', '1', NULL, NULL, 'tools', 'tools', 'tools', '2017-10-12 18:35:55', '2017-10-12 18:35:55');
INSERT INTO `TD_FACT_TABLE` (`id`, `name`, `version`, `domain_id`, `data_app_id`, `tenant_id`, `creator`, `create_by`, `update_by`, `create_time`, `update_time`) VALUES ('106', 'medium_stay_user_cube', '1', '1', NULL, NULL, 'tools', 'tools', 'tools', '2017-10-12 18:35:56', '2017-10-12 18:35:56');
INSERT INTO `TD_FACT_TABLE` (`id`, `name`, `version`, `domain_id`, `data_app_id`, `tenant_id`, `creator`, `create_by`, `update_by`, `create_time`, `update_time`) VALUES ('107', 'medium_acive_user_cube', '1', '1', NULL, NULL, 'tools', 'tools', 'tools', '2017-10-12 18:35:58', '2017-10-12 18:35:58');
INSERT INTO `TD_FACT_TABLE` (`id`, `name`, `version`, `domain_id`, `data_app_id`, `tenant_id`, `creator`, `create_by`, `update_by`, `create_time`, `update_time`) VALUES ('108', 'high_acive_user_cube', '1', '1', NULL, NULL, 'tools', 'tools', 'tools', '2017-10-12 18:35:59', '2017-10-12 18:35:59');
INSERT INTO `TD_METRIC` (`id`, `cube_id`, `name`, `type`, `column_id`, `compute_by`, `data_app_id`, `tenant_id`, `creator`, `create_by`, `update_by`, `create_time`, `update_time`) VALUES ('101', '102', 'low_stay_user_cube', '1', '498', 'bitmap', NULL, NULL, 'tools', 'tools', 'tools', '2017-10-12 18:35:50', '2017-10-12 18:35:50');
INSERT INTO `TD_METRIC` (`id`, `cube_id`, `name`, `type`, `column_id`, `compute_by`, `data_app_id`, `tenant_id`, `creator`, `create_by`, `update_by`, `create_time`, `update_time`) VALUES ('102', '103', 'high_stay_user_cube', '1', '502', 'bitmap', NULL, NULL, 'tools', 'tools', 'tools', '2017-10-12 18:35:52', '2017-10-12 18:35:52');
INSERT INTO `TD_METRIC` (`id`, `cube_id`, `name`, `type`, `column_id`, `compute_by`, `data_app_id`, `tenant_id`, `creator`, `create_by`, `update_by`, `create_time`, `update_time`) VALUES ('103', '104', 'sleep_acive_user_cube', '1', '506', 'bitmap', NULL, NULL, 'tools', 'tools', 'tools', '2017-10-12 18:35:53', '2017-10-12 18:35:53');
INSERT INTO `TD_METRIC` (`id`, `cube_id`, `name`, `type`, `column_id`, `compute_by`, `data_app_id`, `tenant_id`, `creator`, `create_by`, `update_by`, `create_time`, `update_time`) VALUES ('104', '105', 'low_acive_user_cube', '1', '510', 'bitmap', NULL, NULL, 'tools', 'tools', 'tools', '2017-10-12 18:35:55', '2017-10-12 18:35:55');
INSERT INTO `TD_METRIC` (`id`, `cube_id`, `name`, `type`, `column_id`, `compute_by`, `data_app_id`, `tenant_id`, `creator`, `create_by`, `update_by`, `create_time`, `update_time`) VALUES ('105', '106', 'sleep_stay_user_cube', '1', '514', 'bitmap', NULL, NULL, 'tools', 'tools', 'tools', '2017-10-12 18:35:56', '2017-10-12 18:35:56');
INSERT INTO `TD_METRIC` (`id`, `cube_id`, `name`, `type`, `column_id`, `compute_by`, `data_app_id`, `tenant_id`, `creator`, `create_by`, `update_by`, `create_time`, `update_time`) VALUES ('106', '107', 'medium_stay_user_cube', '1', '518', 'bitmap', NULL, NULL, 'tools', 'tools', 'tools', '2017-10-12 18:35:58', '2017-10-12 18:35:58');
INSERT INTO `TD_METRIC` (`id`, `cube_id`, `name`, `type`, `column_id`, `compute_by`, `data_app_id`, `tenant_id`, `creator`, `create_by`, `update_by`, `create_time`, `update_time`) VALUES ('107', '108', 'medium_acive_user_cube', '1', '522', 'bitmap', NULL, NULL, 'tools', 'tools', 'tools', '2017-10-12 18:35:59', '2017-10-12 18:35:59');
INSERT INTO `TD_METRIC` (`id`, `cube_id`, `name`, `type`, `column_id`, `compute_by`, `data_app_id`, `tenant_id`, `creator`, `create_by`, `update_by`, `create_time`, `update_time`) VALUES ('108', '109', 'high_acive_user_cube', '1', '526', 'bitmap', NULL, NULL, 'tools', 'tools', 'tools', '2017-10-12 18:36:01', '2017-10-12 18:36:01');
INSERT INTO `TD_COLUMN` (`id`, `name`, `type`, `fact_id`, `not_null`, `length`, `another_name`, `data_app_id`, `tenant_id`, `creator`, `create_by`, `update_by`, `create_time`, `update_time`) VALUES ('495', 'tenant_id', 'varchar', '101', 0, '64', NULL, NULL, NULL, 'tools', 'tools', 'tools', '2017-10-12 18:35:49', '2017-10-12 18:35:49');
INSERT INTO `TD_COLUMN` (`id`, `name`, `type`, `fact_id`, `not_null`, `length`, `another_name`, `data_app_id`, `tenant_id`, `creator`, `create_by`, `update_by`, `create_time`, `update_time`) VALUES ('496', 'project_id', 'int', '101', 0, '10', NULL, NULL, NULL, 'tools', 'tools', 'tools', '2017-10-12 18:35:49', '2017-10-12 18:35:49');
INSERT INTO `TD_COLUMN` (`id`, `name`, `type`, `fact_id`, `not_null`, `length`, `another_name`, `data_app_id`, `tenant_id`, `creator`, `create_by`, `update_by`, `create_time`, `update_time`) VALUES ('497', 'date', 'varchar', '101', 0, '10', NULL, NULL, NULL, 'tools', 'tools', 'tools', '2017-10-12 18:35:50', '2017-10-12 18:35:50');
INSERT INTO `TD_COLUMN` (`id`, `name`, `type`, `fact_id`, `not_null`, `length`, `another_name`, `data_app_id`, `tenant_id`, `creator`, `create_by`, `update_by`, `create_time`, `update_time`) VALUES ('498', 'offset', 'int', '101', 0, '10', NULL, NULL, NULL, 'tools', 'tools', 'tools', '2017-10-12 18:35:50', '2017-10-12 18:35:50');
INSERT INTO `TD_COLUMN` (`id`, `name`, `type`, `fact_id`, `not_null`, `length`, `another_name`, `data_app_id`, `tenant_id`, `creator`, `create_by`, `update_by`, `create_time`, `update_time`) VALUES ('499', 'tenant_id', 'varchar', '102', 0, '64', NULL, NULL, NULL, 'tools', 'tools', 'tools', '2017-10-12 18:35:51', '2017-10-12 18:35:51');
INSERT INTO `TD_COLUMN` (`id`, `name`, `type`, `fact_id`, `not_null`, `length`, `another_name`, `data_app_id`, `tenant_id`, `creator`, `create_by`, `update_by`, `create_time`, `update_time`) VALUES ('500', 'project_id', 'int', '102', 0, '10', NULL, NULL, NULL, 'tools', 'tools', 'tools', '2017-10-12 18:35:51', '2017-10-12 18:35:51');
INSERT INTO `TD_COLUMN` (`id`, `name`, `type`, `fact_id`, `not_null`, `length`, `another_name`, `data_app_id`, `tenant_id`, `creator`, `create_by`, `update_by`, `create_time`, `update_time`) VALUES ('501', 'date', 'varchar', '102', 0, '10', NULL, NULL, NULL, 'tools', 'tools', 'tools', '2017-10-12 18:35:51', '2017-10-12 18:35:51');
INSERT INTO `TD_COLUMN` (`id`, `name`, `type`, `fact_id`, `not_null`, `length`, `another_name`, `data_app_id`, `tenant_id`, `creator`, `create_by`, `update_by`, `create_time`, `update_time`) VALUES ('502', 'offset', 'int', '102', 0, '10', NULL, NULL, NULL, 'tools', 'tools', 'tools', '2017-10-12 18:35:52', '2017-10-12 18:35:52');
INSERT INTO `TD_COLUMN` (`id`, `name`, `type`, `fact_id`, `not_null`, `length`, `another_name`, `data_app_id`, `tenant_id`, `creator`, `create_by`, `update_by`, `create_time`, `update_time`) VALUES ('503', 'tenant_id', 'varchar', '103', 0, '64', NULL, NULL, NULL, 'tools', 'tools', 'tools', '2017-10-12 18:35:52', '2017-10-12 18:35:52');
INSERT INTO `TD_COLUMN` (`id`, `name`, `type`, `fact_id`, `not_null`, `length`, `another_name`, `data_app_id`, `tenant_id`, `creator`, `create_by`, `update_by`, `create_time`, `update_time`) VALUES ('504', 'project_id', 'int', '103', 0, '10', NULL, NULL, NULL, 'tools', 'tools', 'tools', '2017-10-12 18:35:53', '2017-10-12 18:35:53');
INSERT INTO `TD_COLUMN` (`id`, `name`, `type`, `fact_id`, `not_null`, `length`, `another_name`, `data_app_id`, `tenant_id`, `creator`, `create_by`, `update_by`, `create_time`, `update_time`) VALUES ('505', 'date', 'varchar', '103', 0, '10', NULL, NULL, NULL, 'tools', 'tools', 'tools', '2017-10-12 18:35:53', '2017-10-12 18:35:53');
INSERT INTO `TD_COLUMN` (`id`, `name`, `type`, `fact_id`, `not_null`, `length`, `another_name`, `data_app_id`, `tenant_id`, `creator`, `create_by`, `update_by`, `create_time`, `update_time`) VALUES ('506', 'offset', 'int', '103', 0, '10', NULL, NULL, NULL, 'tools', 'tools', 'tools', '2017-10-12 18:35:53', '2017-10-12 18:35:53');
INSERT INTO `TD_COLUMN` (`id`, `name`, `type`, `fact_id`, `not_null`, `length`, `another_name`, `data_app_id`, `tenant_id`, `creator`, `create_by`, `update_by`, `create_time`, `update_time`) VALUES ('507', 'tenant_id', 'varchar', '104', 0, '64', NULL, NULL, NULL, 'tools', 'tools', 'tools', '2017-10-12 18:35:54', '2017-10-12 18:35:54');
INSERT INTO `TD_COLUMN` (`id`, `name`, `type`, `fact_id`, `not_null`, `length`, `another_name`, `data_app_id`, `tenant_id`, `creator`, `create_by`, `update_by`, `create_time`, `update_time`) VALUES ('508', 'project_id', 'int', '104', 0, '10', NULL, NULL, NULL, 'tools', 'tools', 'tools', '2017-10-12 18:35:54', '2017-10-12 18:35:54');
INSERT INTO `TD_COLUMN` (`id`, `name`, `type`, `fact_id`, `not_null`, `length`, `another_name`, `data_app_id`, `tenant_id`, `creator`, `create_by`, `update_by`, `create_time`, `update_time`) VALUES ('509', 'date', 'varchar', '104', 0, '10', NULL, NULL, NULL, 'tools', 'tools', 'tools', '2017-10-12 18:35:54', '2017-10-12 18:35:54');
INSERT INTO `TD_COLUMN` (`id`, `name`, `type`, `fact_id`, `not_null`, `length`, `another_name`, `data_app_id`, `tenant_id`, `creator`, `create_by`, `update_by`, `create_time`, `update_time`) VALUES ('510', 'offset', 'int', '104', 0, '10', NULL, NULL, NULL, 'tools', 'tools', 'tools', '2017-10-12 18:35:55', '2017-10-12 18:35:55');
INSERT INTO `TD_COLUMN` (`id`, `name`, `type`, `fact_id`, `not_null`, `length`, `another_name`, `data_app_id`, `tenant_id`, `creator`, `create_by`, `update_by`, `create_time`, `update_time`) VALUES ('511', 'tenant_id', 'varchar', '105', 0, '64', NULL, NULL, NULL, 'tools', 'tools', 'tools', '2017-10-12 18:35:55', '2017-10-12 18:35:55');
INSERT INTO `TD_COLUMN` (`id`, `name`, `type`, `fact_id`, `not_null`, `length`, `another_name`, `data_app_id`, `tenant_id`, `creator`, `create_by`, `update_by`, `create_time`, `update_time`) VALUES ('512', 'project_id', 'int', '105', 0, '10', NULL, NULL, NULL, 'tools', 'tools', 'tools', '2017-10-12 18:35:56', '2017-10-12 18:35:56');
INSERT INTO `TD_COLUMN` (`id`, `name`, `type`, `fact_id`, `not_null`, `length`, `another_name`, `data_app_id`, `tenant_id`, `creator`, `create_by`, `update_by`, `create_time`, `update_time`) VALUES ('513', 'date', 'varchar', '105', 0, '10', NULL, NULL, NULL, 'tools', 'tools', 'tools', '2017-10-12 18:35:56', '2017-10-12 18:35:56');
INSERT INTO `TD_COLUMN` (`id`, `name`, `type`, `fact_id`, `not_null`, `length`, `another_name`, `data_app_id`, `tenant_id`, `creator`, `create_by`, `update_by`, `create_time`, `update_time`) VALUES ('514', 'offset', 'int', '105', 0, '10', NULL, NULL, NULL, 'tools', 'tools', 'tools', '2017-10-12 18:35:56', '2017-10-12 18:35:56');
INSERT INTO `TD_COLUMN` (`id`, `name`, `type`, `fact_id`, `not_null`, `length`, `another_name`, `data_app_id`, `tenant_id`, `creator`, `create_by`, `update_by`, `create_time`, `update_time`) VALUES ('515', 'tenant_id', 'varchar', '106', 0, '64', NULL, NULL, NULL, 'tools', 'tools', 'tools', '2017-10-12 18:35:57', '2017-10-12 18:35:57');
INSERT INTO `TD_COLUMN` (`id`, `name`, `type`, `fact_id`, `not_null`, `length`, `another_name`, `data_app_id`, `tenant_id`, `creator`, `create_by`, `update_by`, `create_time`, `update_time`) VALUES ('516', 'project_id', 'int', '106', 0, '10', NULL, NULL, NULL, 'tools', 'tools', 'tools', '2017-10-12 18:35:57', '2017-10-12 18:35:57');
INSERT INTO `TD_COLUMN` (`id`, `name`, `type`, `fact_id`, `not_null`, `length`, `another_name`, `data_app_id`, `tenant_id`, `creator`, `create_by`, `update_by`, `create_time`, `update_time`) VALUES ('517', 'date', 'varchar', '106', 0, '10', NULL, NULL, NULL, 'tools', 'tools', 'tools', '2017-10-12 18:35:57', '2017-10-12 18:35:57');
INSERT INTO `TD_COLUMN` (`id`, `name`, `type`, `fact_id`, `not_null`, `length`, `another_name`, `data_app_id`, `tenant_id`, `creator`, `create_by`, `update_by`, `create_time`, `update_time`) VALUES ('518', 'offset', 'int', '106', 0, '10', NULL, NULL, NULL, 'tools', 'tools', 'tools', '2017-10-12 18:35:58', '2017-10-12 18:35:58');
INSERT INTO `TD_COLUMN` (`id`, `name`, `type`, `fact_id`, `not_null`, `length`, `another_name`, `data_app_id`, `tenant_id`, `creator`, `create_by`, `update_by`, `create_time`, `update_time`) VALUES ('519', 'tenant_id', 'varchar', '107', 0, '64', NULL, NULL, NULL, 'tools', 'tools', 'tools', '2017-10-12 18:35:58', '2017-10-12 18:35:58');
INSERT INTO `TD_COLUMN` (`id`, `name`, `type`, `fact_id`, `not_null`, `length`, `another_name`, `data_app_id`, `tenant_id`, `creator`, `create_by`, `update_by`, `create_time`, `update_time`) VALUES ('520', 'project_id', 'int', '107', 0, '10', NULL, NULL, NULL, 'tools', 'tools', 'tools', '2017-10-12 18:35:59', '2017-10-12 18:35:59');
INSERT INTO `TD_COLUMN` (`id`, `name`, `type`, `fact_id`, `not_null`, `length`, `another_name`, `data_app_id`, `tenant_id`, `creator`, `create_by`, `update_by`, `create_time`, `update_time`) VALUES ('521', 'date', 'varchar', '107', 0, '10', NULL, NULL, NULL, 'tools', 'tools', 'tools', '2017-10-12 18:35:59', '2017-10-12 18:35:59');
INSERT INTO `TD_COLUMN` (`id`, `name`, `type`, `fact_id`, `not_null`, `length`, `another_name`, `data_app_id`, `tenant_id`, `creator`, `create_by`, `update_by`, `create_time`, `update_time`) VALUES ('522', 'offset', 'int', '107', 0, '10', NULL, NULL, NULL, 'tools', 'tools', 'tools', '2017-10-12 18:35:59', '2017-10-12 18:35:59');
INSERT INTO `TD_COLUMN` (`id`, `name`, `type`, `fact_id`, `not_null`, `length`, `another_name`, `data_app_id`, `tenant_id`, `creator`, `create_by`, `update_by`, `create_time`, `update_time`) VALUES ('523', 'tenant_id', 'varchar', '108', 0, '64', NULL, NULL, NULL, 'tools', 'tools', 'tools', '2017-10-12 18:36:00', '2017-10-12 18:36:00');
INSERT INTO `TD_COLUMN` (`id`, `name`, `type`, `fact_id`, `not_null`, `length`, `another_name`, `data_app_id`, `tenant_id`, `creator`, `create_by`, `update_by`, `create_time`, `update_time`) VALUES ('524', 'project_id', 'int', '108', 0, '10', NULL, NULL, NULL, 'tools', 'tools', 'tools', '2017-10-12 18:36:00', '2017-10-12 18:36:00');
INSERT INTO `TD_COLUMN` (`id`, `name`, `type`, `fact_id`, `not_null`, `length`, `another_name`, `data_app_id`, `tenant_id`, `creator`, `create_by`, `update_by`, `create_time`, `update_time`) VALUES ('525', 'date', 'varchar', '108', 0, '10', NULL, NULL, NULL, 'tools', 'tools', 'tools', '2017-10-12 18:36:00', '2017-10-12 18:36:00');
INSERT INTO `TD_COLUMN` (`id`, `name`, `type`, `fact_id`, `not_null`, `length`, `another_name`, `data_app_id`, `tenant_id`, `creator`, `create_by`, `update_by`, `create_time`, `update_time`) VALUES ('526', 'offset', 'int', '108', 0, '10', NULL, NULL, NULL, 'tools', 'tools', 'tools', '2017-10-12 18:36:01', '2017-10-12 18:36:01');



