--liquibase formatted sql

--changeset junmin.li:1487057158650-1
INSERT INTO `wifianalytics_meta`.`TD_METRIC` (`id`, `cube_id`, `name`, `type`, `column_id`, `compute_by`, `data_app_id`, `tenant_id`, `creator`, `create_by`, `update_by`, `create_time`, `update_time`) VALUES ('78', '79', 'offline_new_user_day_counter', '1', '394', 'counter', NULL, NULL, 'tools', 'tools', 'tools', '2017-02-14 15:20:20', '2017-02-14 15:20:20');
INSERT INTO `wifianalytics_meta`.`TD_METRIC` (`id`, `cube_id`, `name`, `type`, `column_id`, `compute_by`, `data_app_id`, `tenant_id`, `creator`, `create_by`, `update_by`, `create_time`, `update_time`) VALUES ('79', '80', 'offline_old_user_day_counter', '1', '398', 'counter', NULL, NULL, 'tools', 'tools', 'tools', '2017-02-14 15:20:22', '2017-02-14 15:20:22');
INSERT INTO `wifianalytics_meta`.`TD_FACT_TABLE` (`id`, `name`, `version`, `domain_id`, `data_app_id`, `tenant_id`, `creator`, `create_by`, `update_by`, `create_time`, `update_time`) VALUES ('78', 'offline_new_user_day_counter', '1', '2', NULL, NULL, 'tools', 'tools', 'tools', '2017-02-14 15:20:19', '2017-02-14 15:20:19');
INSERT INTO `wifianalytics_meta`.`TD_FACT_TABLE` (`id`, `name`, `version`, `domain_id`, `data_app_id`, `tenant_id`, `creator`, `create_by`, `update_by`, `create_time`, `update_time`) VALUES ('79', 'offline_old_user_day_counter', '1', '2', NULL, NULL, 'tools', 'tools', 'tools', '2017-02-14 15:20:21', '2017-02-14 15:20:21');
INSERT INTO `wifianalytics_meta`.`TD_DIMENSION` (`id`, `cube_id`, `name`, `default_value`, `display_name`, `column_id`, `type`, `data_app_id`, `tenant_id`, `creator`, `create_by`, `update_by`, `create_time`, `update_time`) VALUES ('340', '79', 'tenant_id', 'tenant_id', NULL, '391', '0', NULL, NULL, 'tools', 'tools', 'tools', '2017-02-14 15:20:20', '2017-02-14 15:20:20');
INSERT INTO `wifianalytics_meta`.`TD_DIMENSION` (`id`, `cube_id`, `name`, `default_value`, `display_name`, `column_id`, `type`, `data_app_id`, `tenant_id`, `creator`, `create_by`, `update_by`, `create_time`, `update_time`) VALUES ('341', '79', 'project_id', 'project_id', NULL, '392', '0', NULL, NULL, 'tools', 'tools', 'tools', '2017-02-14 15:20:20', '2017-02-14 15:20:20');
INSERT INTO `wifianalytics_meta`.`TD_DIMENSION` (`id`, `cube_id`, `name`, `default_value`, `display_name`, `column_id`, `type`, `data_app_id`, `tenant_id`, `creator`, `create_by`, `update_by`, `create_time`, `update_time`) VALUES ('342', '79', 'date', 'date', NULL, '393', '0', NULL, NULL, 'tools', 'tools', 'tools', '2017-02-14 15:20:20', '2017-02-14 15:20:20');
INSERT INTO `wifianalytics_meta`.`TD_DIMENSION` (`id`, `cube_id`, `name`, `default_value`, `display_name`, `column_id`, `type`, `data_app_id`, `tenant_id`, `creator`, `create_by`, `update_by`, `create_time`, `update_time`) VALUES ('343', '80', 'tenant_id', 'tenant_id', NULL, '395', '0', NULL, NULL, 'tools', 'tools', 'tools', '2017-02-14 15:20:21', '2017-02-14 15:20:21');
INSERT INTO `wifianalytics_meta`.`TD_DIMENSION` (`id`, `cube_id`, `name`, `default_value`, `display_name`, `column_id`, `type`, `data_app_id`, `tenant_id`, `creator`, `create_by`, `update_by`, `create_time`, `update_time`) VALUES ('344', '80', 'project_id', 'project_id', NULL, '396', '0', NULL, NULL, 'tools', 'tools', 'tools', '2017-02-14 15:20:21', '2017-02-14 15:20:21');
INSERT INTO `wifianalytics_meta`.`TD_DIMENSION` (`id`, `cube_id`, `name`, `default_value`, `display_name`, `column_id`, `type`, `data_app_id`, `tenant_id`, `creator`, `create_by`, `update_by`, `create_time`, `update_time`) VALUES ('345', '80', 'date', 'date', NULL, '397', '0', NULL, NULL, 'tools', 'tools', 'tools', '2017-02-14 15:20:21', '2017-02-14 15:20:21');
INSERT INTO `wifianalytics_meta`.`TD_CUBE` (`id`, `name`, `owner`, `description`, `fact_table_id`, `domain_id`, `data_app_id`, `tenant_id`, `creator`, `create_by`, `update_by`, `create_time`, `update_time`) VALUES ('79', 'offline_new_user_day_counter', NULL, 'offline_new_user_day_counter', '78', '2', NULL, NULL, 'tools', 'tools', 'tools', '2017-02-14 15:20:19', '2017-02-14 15:20:19');
INSERT INTO `wifianalytics_meta`.`TD_CUBE` (`id`, `name`, `owner`, `description`, `fact_table_id`, `domain_id`, `data_app_id`, `tenant_id`, `creator`, `create_by`, `update_by`, `create_time`, `update_time`) VALUES ('80', 'offline_old_user_day_counter', NULL, 'offline_old_user_day_counter', '79', '2', NULL, NULL, 'tools', 'tools', 'tools', '2017-02-14 15:20:21', '2017-02-14 15:20:21');
INSERT INTO `wifianalytics_meta`.`TD_COLUMN` (`id`, `name`, `type`, `fact_id`, `not_null`, `length`, `another_name`, `data_app_id`, `tenant_id`, `creator`, `create_by`, `update_by`, `create_time`, `update_time`) VALUES ('391', 'tenant_id', 'varchar', '78', 0, '64', NULL, NULL, NULL, 'tools', 'tools', 'tools', '2017-02-14 15:20:19', '2017-02-14 15:20:19');
INSERT INTO `wifianalytics_meta`.`TD_COLUMN` (`id`, `name`, `type`, `fact_id`, `not_null`, `length`, `another_name`, `data_app_id`, `tenant_id`, `creator`, `create_by`, `update_by`, `create_time`, `update_time`) VALUES ('392', 'project_id', 'int', '78', 0, '10', NULL, NULL, NULL, 'tools', 'tools', 'tools', '2017-02-14 15:20:20', '2017-02-14 15:20:20');
INSERT INTO `wifianalytics_meta`.`TD_COLUMN` (`id`, `name`, `type`, `fact_id`, `not_null`, `length`, `another_name`, `data_app_id`, `tenant_id`, `creator`, `create_by`, `update_by`, `create_time`, `update_time`) VALUES ('393', 'date', 'varchar', '78', 0, '10', NULL, NULL, NULL, 'tools', 'tools', 'tools', '2017-02-14 15:20:20', '2017-02-14 15:20:20');
INSERT INTO `wifianalytics_meta`.`TD_COLUMN` (`id`, `name`, `type`, `fact_id`, `not_null`, `length`, `another_name`, `data_app_id`, `tenant_id`, `creator`, `create_by`, `update_by`, `create_time`, `update_time`) VALUES ('394', 'offset', 'int', '78', 0, '10', NULL, NULL, NULL, 'tools', 'tools', 'tools', '2017-02-14 15:20:20', '2017-02-14 15:20:20');
INSERT INTO `wifianalytics_meta`.`TD_COLUMN` (`id`, `name`, `type`, `fact_id`, `not_null`, `length`, `another_name`, `data_app_id`, `tenant_id`, `creator`, `create_by`, `update_by`, `create_time`, `update_time`) VALUES ('395', 'tenant_id', 'varchar', '79', 0, '64', NULL, NULL, NULL, 'tools', 'tools', 'tools', '2017-02-14 15:20:21', '2017-02-14 15:20:21');
INSERT INTO `wifianalytics_meta`.`TD_COLUMN` (`id`, `name`, `type`, `fact_id`, `not_null`, `length`, `another_name`, `data_app_id`, `tenant_id`, `creator`, `create_by`, `update_by`, `create_time`, `update_time`) VALUES ('396', 'project_id', 'int', '79', 0, '10', NULL, NULL, NULL, 'tools', 'tools', 'tools', '2017-02-14 15:20:21', '2017-02-14 15:20:21');
INSERT INTO `wifianalytics_meta`.`TD_COLUMN` (`id`, `name`, `type`, `fact_id`, `not_null`, `length`, `another_name`, `data_app_id`, `tenant_id`, `creator`, `create_by`, `update_by`, `create_time`, `update_time`) VALUES ('397', 'date', 'varchar', '79', 0, '10', NULL, NULL, NULL, 'tools', 'tools', 'tools', '2017-02-14 15:20:21', '2017-02-14 15:20:21');
INSERT INTO `wifianalytics_meta`.`TD_COLUMN` (`id`, `name`, `type`, `fact_id`, `not_null`, `length`, `another_name`, `data_app_id`, `tenant_id`, `creator`, `create_by`, `update_by`, `create_time`, `update_time`) VALUES ('398', 'offset', 'int', '79', 0, '10', NULL, NULL, NULL, 'tools', 'tools', 'tools', '2017-02-14 15:20:22', '2017-02-14 15:20:22');
